module,doctype,child_table,singleton,submittable,field_count,permission_roles,controller_present,test_file_present,source_file,source_commit,source_url
Accounts,Account,0,0,0,21,Accounts Manager | Accounts User | Auditor | Delivery Manager | Delivery User | HR Manager | HR User | Maintenance Manager | Maintenance User | Manufacturing Manager | Manufacturing User | Purchase Master Manager | Purchase User | Quality Manager | Sales Master Manager | Sales User | Stock Manager,True,True,erpnext/accounts/doctype/account/account.json,b30aa5334bcea94dba74f5b866af13c43a861948,https://github.com/frappe/erpnext/blob/b30aa5334bcea94dba74f5b866af13c43a861948/erpnext/accounts/doctype/account/account.json
Accounts,Account Category,0,0,0,4,Accounts Manager | Accounts User | Auditor,True,True,erpnext/accounts/doctype/account_category/account_category.json,b30aa5334bcea94dba74f5b866af13c43a861948,https://github.com/frappe/erpnext/blob/b30aa5334bcea94dba74f5b866af13c43a861948/erpnext/accounts/doctype/account_category/account_category.json
Accounts,Account Closing Balance,0,0,0,16,Accounts Manager | Accounts User | Auditor,True,True,erpnext/accounts/doctype/account_closing_balance/account_closing_balance.json,b30aa5334bcea94dba74f5b866af13c43a861948,https://github.com/frappe/erpnext/blob/b30aa5334bcea94dba74f5b866af13c43a861948/erpnext/accounts/doctype/account_closing_balance/account_closing_balance.json
Accounts,Accounting Dimension,0,0,0,5,Accounts Manager | System Manager,True,True,erpnext/accounts/doctype/accounting_dimension/accounting_dimension.json,b30aa5334bcea94dba74f5b866af13c43a861948,https://github.com/frappe/erpnext/blob/b30aa5334bcea94dba74f5b866af13c43a861948/erpnext/accounts/doctype/accounting_dimension/accounting_dimension.json
Accounts,Accounting Dimension Detail,1,0,0,8,,True,False,erpnext/accounts/doctype/accounting_dimension_detail/accounting_dimension_detail.json,b30aa5334bcea94dba74f5b866af13c43a861948,https://github.com/frappe/erpnext/blob/b30aa5334bcea94dba74f5b866af13c43a861948/erpnext/accounts/doctype/accounting_dimension_detail/accounting_dimension_detail.json
Accounts,Accounting Dimension Filter,0,0,0,13,Accounts Manager | Accounts User | System Manager,True,True,erpnext/accounts/doctype/accounting_dimension_filter/accounting_dimension_filter.json,b30aa5334bcea94dba74f5b866af13c43a861948,https://github.com/frappe/erpnext/blob/b30aa5334bcea94dba74f5b866af13c43a861948/erpnext/accounts/doctype/accounting_dimension_filter/accounting_dimension_filter.json
Accounts,Accounting Period,0,0,0,9,Accounts Manager | Accounts User | System Manager,True,True,erpnext/accounts/doctype/accounting_period/accounting_period.json,b30aa5334bcea94dba74f5b866af13c43a861948,https://github.com/frappe/erpnext/blob/b30aa5334bcea94dba74f5b866af13c43a861948/erpnext/accounts/doctype/accounting_period/accounting_period.json
Accounts,Accounts Settings,0,1,0,112,Accounts Manager | Purchase User | Sales User,True,True,erpnext/accounts/doctype/accounts_settings/accounts_settings.json,b30aa5334bcea94dba74f5b866af13c43a861948,https://github.com/frappe/erpnext/blob/b30aa5334bcea94dba74f5b866af13c43a861948/erpnext/accounts/doctype/accounts_settings/accounts_settings.json
Accounts,Advance Payment Ledger Entry,0,0,0,11,Accounts Manager | Accounts User | Auditor,True,True,erpnext/accounts/doctype/advance_payment_ledger_entry/advance_payment_ledger_entry.json,b30aa5334bcea94dba74f5b866af13c43a861948,https://github.com/frappe/erpnext/blob/b30aa5334bcea94dba74f5b866af13c43a861948/erpnext/accounts/doctype/advance_payment_ledger_entry/advance_payment_ledger_entry.json
Accounts,Advance Taxes and Charges,1,0,0,24,,True,False,erpnext/accounts/doctype/advance_taxes_and_charges/advance_taxes_and_charges.json,b30aa5334bcea94dba74f5b866af13c43a861948,https://github.com/frappe/erpnext/blob/b30aa5334bcea94dba74f5b866af13c43a861948/erpnext/accounts/doctype/advance_taxes_and_charges/advance_taxes_and_charges.json
Accounts,Allowed Dimension,1,0,0,2,,True,False,erpnext/accounts/doctype/allowed_dimension/allowed_dimension.json,b30aa5334bcea94dba74f5b866af13c43a861948,https://github.com/frappe/erpnext/blob/b30aa5334bcea94dba74f5b866af13c43a861948/erpnext/accounts/doctype/allowed_dimension/allowed_dimension.json
Accounts,Allowed To Transact With,1,0,0,1,,True,False,erpnext/accounts/doctype/allowed_to_transact_with/allowed_to_transact_with.json,b30aa5334bcea94dba74f5b866af13c43a861948,https://github.com/frappe/erpnext/blob/b30aa5334bcea94dba74f5b866af13c43a861948/erpnext/accounts/doctype/allowed_to_transact_with/allowed_to_transact_with.json
Accounts,Applicable On Account,1,0,0,2,,True,False,erpnext/accounts/doctype/applicable_on_account/applicable_on_account.json,b30aa5334bcea94dba74f5b866af13c43a861948,https://github.com/frappe/erpnext/blob/b30aa5334bcea94dba74f5b866af13c43a861948/erpnext/accounts/doctype/applicable_on_account/applicable_on_account.json
Accounts,Bank,0,0,0,13,Accounts Manager | Accounts User | System Manager,True,True,erpnext/accounts/doctype/bank/bank.json,b30aa5334bcea94dba74f5b866af13c43a861948,https://github.com/frappe/erpnext/blob/b30aa5334bcea94dba74f5b866af13c43a861948/erpnext/accounts/doctype/bank/bank.json
Accounts,Bank Account,0,0,0,30,Accounts Manager | Accounts User | Purchase Manager | Purchase Master Manager | Sales Master Manager | Sales User,True,True,erpnext/accounts/doctype/bank_account/bank_account.json,b30aa5334bcea94dba74f5b866af13c43a861948,https://github.com/frappe/erpnext/blob/b30aa5334bcea94dba74f5b866af13c43a861948/erpnext/accounts/doctype/bank_account/bank_account.json
Accounts,Bank Account Balance,0,0,0,4,Accounts Manager | Accounts User | Auditor | System Manager,True,True,erpnext/accounts/doctype/bank_account_balance/bank_account_balance.json,b30aa5334bcea94dba74f5b866af13c43a861948,https://github.com/frappe/erpnext/blob/b30aa5334bcea94dba74f5b866af13c43a861948/erpnext/accounts/doctype/bank_account_balance/bank_account_balance.json
Accounts,Bank Account Subtype,0,0,0,1,Accounts Manager | Accounts User | System Manager,True,True,erpnext/accounts/doctype/bank_account_subtype/bank_account_subtype.json,b30aa5334bcea94dba74f5b866af13c43a861948,https://github.com/frappe/erpnext/blob/b30aa5334bcea94dba74f5b866af13c43a861948/erpnext/accounts/doctype/bank_account_subtype/bank_account_subtype.json
Accounts,Bank Account Type,0,0,0,1,Accounts Manager | Accounts User | System Manager,True,True,erpnext/accounts/doctype/bank_account_type/bank_account_type.json,b30aa5334bcea94dba74f5b866af13c43a861948,https://github.com/frappe/erpnext/blob/b30aa5334bcea94dba74f5b866af13c43a861948/erpnext/accounts/doctype/bank_account_type/bank_account_type.json
Accounts,Bank Clearance,0,1,0,10,Accounts User,True,True,erpnext/accounts/doctype/bank_clearance/bank_clearance.json,b30aa5334bcea94dba74f5b866af13c43a861948,https://github.com/frappe/erpnext/blob/b30aa5334bcea94dba74f5b866af13c43a861948/erpnext/accounts/doctype/bank_clearance/bank_clearance.json
Accounts,Bank Clearance Detail,1,0,0,9,,True,False,erpnext/accounts/doctype/bank_clearance_detail/bank_clearance_detail.json,b30aa5334bcea94dba74f5b866af13c43a861948,https://github.com/frappe/erpnext/blob/b30aa5334bcea94dba74f5b866af13c43a861948/erpnext/accounts/doctype/bank_clearance_detail/bank_clearance_detail.json
Accounts,Bank Guarantee,0,0,1,30,Accounts Manager | Accounts User,True,True,erpnext/accounts/doctype/bank_guarantee/bank_guarantee.json,b30aa5334bcea94dba74f5b866af13c43a861948,https://github.com/frappe/erpnext/blob/b30aa5334bcea94dba74f5b866af13c43a861948/erpnext/accounts/doctype/bank_guarantee/bank_guarantee.json
Accounts,Bank Reconciliation Tool,0,1,0,16,System Manager,True,True,erpnext/accounts/doctype/bank_reconciliation_tool/bank_reconciliation_tool.json,b30aa5334bcea94dba74f5b866af13c43a861948,https://github.com/frappe/erpnext/blob/b30aa5334bcea94dba74f5b866af13c43a861948/erpnext/accounts/doctype/bank_reconciliation_tool/bank_reconciliation_tool.json
Accounts,Bank Statement Import,0,0,0,27,System Manager,True,True,erpnext/accounts/doctype/bank_statement_import/bank_statement_import.json,b30aa5334bcea94dba74f5b866af13c43a861948,https://github.com/frappe/erpnext/blob/b30aa5334bcea94dba74f5b866af13c43a861948/erpnext/accounts/doctype/bank_statement_import/bank_statement_import.json
Accounts,Bank Statement Import Log,0,0,0,24,System Manager,True,True,erpnext/accounts/doctype/bank_statement_import_log/bank_statement_import_log.json,b30aa5334bcea94dba74f5b866af13c43a861948,https://github.com/frappe/erpnext/blob/b30aa5334bcea94dba74f5b866af13c43a861948/erpnext/accounts/doctype/bank_statement_import_log/bank_statement_import_log.json
Accounts,Bank Statement Import Log Column Map,1,0,0,4,,True,False,erpnext/accounts/doctype/bank_statement_import_log_column_map/bank_statement_import_log_column_map.json,b30aa5334bcea94dba74f5b866af13c43a861948,https://github.com/frappe/erpnext/blob/b30aa5334bcea94dba74f5b866af13c43a861948/erpnext/accounts/doctype/bank_statement_import_log_column_map/bank_statement_import_log_column_map.json
Accounts,Bank Transaction,0,0,1,37,Accounts Manager | Accounts User | System Manager,True,True,erpnext/accounts/doctype/bank_transaction/bank_transaction.json,b30aa5334bcea94dba74f5b866af13c43a861948,https://github.com/frappe/erpnext/blob/b30aa5334bcea94dba74f5b866af13c43a861948/erpnext/accounts/doctype/bank_transaction/bank_transaction.json
Accounts,Bank Transaction Mapping,1,0,0,2,,True,False,erpnext/accounts/doctype/bank_transaction_mapping/bank_transaction_mapping.json,b30aa5334bcea94dba74f5b866af13c43a861948,https://github.com/frappe/erpnext/blob/b30aa5334bcea94dba74f5b866af13c43a861948/erpnext/accounts/doctype/bank_transaction_mapping/bank_transaction_mapping.json
Accounts,Bank Transaction Payments,1,0,0,5,,True,False,erpnext/accounts/doctype/bank_transaction_payments/bank_transaction_payments.json,b30aa5334bcea94dba74f5b866af13c43a861948,https://github.com/frappe/erpnext/blob/b30aa5334bcea94dba74f5b866af13c43a861948/erpnext/accounts/doctype/bank_transaction_payments/bank_transaction_payments.json
Accounts,Bank Transaction Rule,0,0,0,19,Accounts Manager | Accounts User | System Manager,True,True,erpnext/accounts/doctype/bank_transaction_rule/bank_transaction_rule.json,b30aa5334bcea94dba74f5b866af13c43a861948,https://github.com/frappe/erpnext/blob/b30aa5334bcea94dba74f5b866af13c43a861948/erpnext/accounts/doctype/bank_transaction_rule/bank_transaction_rule.json
Accounts,Bank Transaction Rule Accounts,1,0,0,6,,True,False,erpnext/accounts/doctype/bank_transaction_rule_accounts/bank_transaction_rule_accounts.json,b30aa5334bcea94dba74f5b866af13c43a861948,https://github.com/frappe/erpnext/blob/b30aa5334bcea94dba74f5b866af13c43a861948/erpnext/accounts/doctype/bank_transaction_rule_accounts/bank_transaction_rule_accounts.json
Accounts,Bank Transaction Rule Description Conditions,1,0,0,2,,True,False,erpnext/accounts/doctype/bank_transaction_rule_description_conditions/bank_transaction_rule_description_conditions.json,b30aa5334bcea94dba74f5b866af13c43a861948,https://github.com/frappe/erpnext/blob/b30aa5334bcea94dba74f5b866af13c43a861948/erpnext/accounts/doctype/bank_transaction_rule_description_conditions/bank_transaction_rule_description_conditions.json
Accounts,Bisect Accounting Statements,0,1,0,27,Administrator,True,True,erpnext/accounts/doctype/bisect_accounting_statements/bisect_accounting_statements.json,b30aa5334bcea94dba74f5b866af13c43a861948,https://github.com/frappe/erpnext/blob/b30aa5334bcea94dba74f5b866af13c43a861948/erpnext/accounts/doctype/bisect_accounting_statements/bisect_accounting_statements.json
Accounts,Bisect Nodes,0,0,0,9,Administrator,True,True,erpnext/accounts/doctype/bisect_nodes/bisect_nodes.json,b30aa5334bcea94dba74f5b866af13c43a861948,https://github.com/frappe/erpnext/blob/b30aa5334bcea94dba74f5b866af13c43a861948/erpnext/accounts/doctype/bisect_nodes/bisect_nodes.json
Accounts,Budget,0,0,1,40,Accounts Manager,True,True,erpnext/accounts/doctype/budget/budget.json,b30aa5334bcea94dba74f5b866af13c43a861948,https://github.com/frappe/erpnext/blob/b30aa5334bcea94dba74f5b866af13c43a861948/erpnext/accounts/doctype/budget/budget.json
Accounts,Budget Account,1,0,0,2,,True,False,erpnext/accounts/doctype/budget_account/budget_account.json,b30aa5334bcea94dba74f5b866af13c43a861948,https://github.com/frappe/erpnext/blob/b30aa5334bcea94dba74f5b866af13c43a861948/erpnext/accounts/doctype/budget_account/budget_account.json
Accounts,Budget Distribution,1,0,0,4,,True,False,erpnext/accounts/doctype/budget_distribution/budget_distribution.json,b30aa5334bcea94dba74f5b866af13c43a861948,https://github.com/frappe/erpnext/blob/b30aa5334bcea94dba74f5b866af13c43a861948/erpnext/accounts/doctype/budget_distribution/budget_distribution.json
Accounts,Campaign Item,1,0,0,1,,True,False,erpnext/accounts/doctype/campaign_item/campaign_item.json,b30aa5334bcea94dba74f5b866af13c43a861948,https://github.com/frappe/erpnext/blob/b30aa5334bcea94dba74f5b866af13c43a861948/erpnext/accounts/doctype/campaign_item/campaign_item.json
Accounts,Cashier Closing,0,0,1,12,System Manager,True,True,erpnext/accounts/doctype/cashier_closing/cashier_closing.json,b30aa5334bcea94dba74f5b866af13c43a861948,https://github.com/frappe/erpnext/blob/b30aa5334bcea94dba74f5b866af13c43a861948/erpnext/accounts/doctype/cashier_closing/cashier_closing.json
Accounts,Cashier Closing Payments,1,0,0,2,,True,False,erpnext/accounts/doctype/cashier_closing_payments/cashier_closing_payments.json,b30aa5334bcea94dba74f5b866af13c43a861948,https://github.com/frappe/erpnext/blob/b30aa5334bcea94dba74f5b866af13c43a861948/erpnext/accounts/doctype/cashier_closing_payments/cashier_closing_payments.json
Accounts,Chart of Accounts Importer,0,1,0,5,Accounts Manager,True,True,erpnext/accounts/doctype/chart_of_accounts_importer/chart_of_accounts_importer.json,b30aa5334bcea94dba74f5b866af13c43a861948,https://github.com/frappe/erpnext/blob/b30aa5334bcea94dba74f5b866af13c43a861948/erpnext/accounts/doctype/chart_of_accounts_importer/chart_of_accounts_importer.json
Accounts,Cheque Print Template,0,0,0,39,Accounts Manager | Accounts User | System Manager,True,True,erpnext/accounts/doctype/cheque_print_template/cheque_print_template.json,b30aa5334bcea94dba74f5b866af13c43a861948,https://github.com/frappe/erpnext/blob/b30aa5334bcea94dba74f5b866af13c43a861948/erpnext/accounts/doctype/cheque_print_template/cheque_print_template.json
Accounts,Closed Document,1,0,0,2,,True,False,erpnext/accounts/doctype/closed_document/closed_document.json,b30aa5334bcea94dba74f5b866af13c43a861948,https://github.com/frappe/erpnext/blob/b30aa5334bcea94dba74f5b866af13c43a861948/erpnext/accounts/doctype/closed_document/closed_document.json
Accounts,Cost Center,0,0,0,11,Accounts Manager | Accounts User | Auditor | Delivery Manager | Delivery User | Employee | HR Manager | HR User | Maintenance Manager | Maintenance User | Manufacturing Manager | Manufacturing User | Projects Manager | Projects User | Purchase Master Manager | Purchase User | Quality Manager | Sales Master Manager | Sales User | Stock Manager,True,True,erpnext/accounts/doctype/cost_center/cost_center.json,b30aa5334bcea94dba74f5b866af13c43a861948,https://github.com/frappe/erpnext/blob/b30aa5334bcea94dba74f5b866af13c43a861948/erpnext/accounts/doctype/cost_center/cost_center.json
Accounts,Cost Center Allocation,0,0,1,7,Accounts Manager | Accounts User | System Manager,True,True,erpnext/accounts/doctype/cost_center_allocation/cost_center_allocation.json,b30aa5334bcea94dba74f5b866af13c43a861948,https://github.com/frappe/erpnext/blob/b30aa5334bcea94dba74f5b866af13c43a861948/erpnext/accounts/doctype/cost_center_allocation/cost_center_allocation.json
Accounts,Cost Center Allocation Percentage,1,0,0,2,,True,False,erpnext/accounts/doctype/cost_center_allocation_percentage/cost_center_allocation_percentage.json,b30aa5334bcea94dba74f5b866af13c43a861948,https://github.com/frappe/erpnext/blob/b30aa5334bcea94dba74f5b866af13c43a861948/erpnext/accounts/doctype/cost_center_allocation_percentage/cost_center_allocation_percentage.json
Accounts,Coupon Code,0,0,0,15,Accounts User | Maintenance Manager | Maintenance User | Sales Manager | System Manager | Website Manager,True,True,erpnext/accounts/doctype/coupon_code/coupon_code.json,b30aa5334bcea94dba74f5b866af13c43a861948,https://github.com/frappe/erpnext/blob/b30aa5334bcea94dba74f5b866af13c43a861948/erpnext/accounts/doctype/coupon_code/coupon_code.json
Accounts,Currency Exchange Settings,0,1,0,13,Accounts User | System Manager,True,True,erpnext/accounts/doctype/currency_exchange_settings/currency_exchange_settings.json,b30aa5334bcea94dba74f5b866af13c43a861948,https://github.com/frappe/erpnext/blob/b30aa5334bcea94dba74f5b866af13c43a861948/erpnext/accounts/doctype/currency_exchange_settings/currency_exchange_settings.json
Accounts,Currency Exchange Settings Details,1,0,0,2,,True,False,erpnext/accounts/doctype/currency_exchange_settings_details/currency_exchange_settings_details.json,b30aa5334bcea94dba74f5b866af13c43a861948,https://github.com/frappe/erpnext/blob/b30aa5334bcea94dba74f5b866af13c43a861948/erpnext/accounts/doctype/currency_exchange_settings_details/currency_exchange_settings_details.json
Accounts,Currency Exchange Settings Result,1,0,0,1,,True,False,erpnext/accounts/doctype/currency_exchange_settings_result/currency_exchange_settings_result.json,b30aa5334bcea94dba74f5b866af13c43a861948,https://github.com/frappe/erpnext/blob/b30aa5334bcea94dba74f5b866af13c43a861948/erpnext/accounts/doctype/currency_exchange_settings_result/currency_exchange_settings_result.json
Accounts,Customer Group Item,1,0,0,1,,True,False,erpnext/accounts/doctype/customer_group_item/customer_group_item.json,b30aa5334bcea94dba74f5b866af13c43a861948,https://github.com/frappe/erpnext/blob/b30aa5334bcea94dba74f5b866af13c43a861948/erpnext/accounts/doctype/customer_group_item/customer_group_item.json
Accounts,Customer Item,1,0,0,1,,True,False,erpnext/accounts/doctype/customer_item/customer_item.json,b30aa5334bcea94dba74f5b866af13c43a861948,https://github.com/frappe/erpnext/blob/b30aa5334bcea94dba74f5b866af13c43a861948/erpnext/accounts/doctype/customer_item/customer_item.json
Accounts,Discounted Invoice,1,0,0,6,,True,False,erpnext/accounts/doctype/discounted_invoice/discounted_invoice.json,b30aa5334bcea94dba74f5b866af13c43a861948,https://github.com/frappe/erpnext/blob/b30aa5334bcea94dba74f5b866af13c43a861948/erpnext/accounts/doctype/discounted_invoice/discounted_invoice.json
Accounts,Dunning,0,0,1,54,Accounts Manager | Accounts User | System Manager,True,True,erpnext/accounts/doctype/dunning/dunning.json,b30aa5334bcea94dba74f5b866af13c43a861948,https://github.com/frappe/erpnext/blob/b30aa5334bcea94dba74f5b866af13c43a861948/erpnext/accounts/doctype/dunning/dunning.json
Accounts,Dunning Letter Text,1,0,0,7,,True,False,erpnext/accounts/doctype/dunning_letter_text/dunning_letter_text.json,b30aa5334bcea94dba74f5b866af13c43a861948,https://github.com/frappe/erpnext/blob/b30aa5334bcea94dba74f5b866af13c43a861948/erpnext/accounts/doctype/dunning_letter_text/dunning_letter_text.json
Accounts,Dunning Type,0,0,0,14,Accounts Manager | Administrator | System Manager,True,True,erpnext/accounts/doctype/dunning_type/dunning_type.json,b30aa5334bcea94dba74f5b866af13c43a861948,https://github.com/frappe/erpnext/blob/b30aa5334bcea94dba74f5b866af13c43a861948/erpnext/accounts/doctype/dunning_type/dunning_type.json
Accounts,Exchange Rate Revaluation,0,0,1,13,Accounts Manager | Accounts User | System Manager,True,True,erpnext/accounts/doctype/exchange_rate_revaluation/exchange_rate_revaluation.json,b30aa5334bcea94dba74f5b866af13c43a861948,https://github.com/frappe/erpnext/blob/b30aa5334bcea94dba74f5b866af13c43a861948/erpnext/accounts/doctype/exchange_rate_revaluation/exchange_rate_revaluation.json
Accounts,Exchange Rate Revaluation Account,1,0,0,20,,True,False,erpnext/accounts/doctype/exchange_rate_revaluation_account/exchange_rate_revaluation_account.json,b30aa5334bcea94dba74f5b866af13c43a861948,https://github.com/frappe/erpnext/blob/b30aa5334bcea94dba74f5b866af13c43a861948/erpnext/accounts/doctype/exchange_rate_revaluation_account/exchange_rate_revaluation_account.json
Accounts,Finance Book,0,0,0,1,Accounts Manager | Accounts User | Auditor | HR Manager | Manufacturing Manager | Quality Manager,True,True,erpnext/accounts/doctype/finance_book/finance_book.json,b30aa5334bcea94dba74f5b866af13c43a861948,https://github.com/frappe/erpnext/blob/b30aa5334bcea94dba74f5b866af13c43a861948/erpnext/accounts/doctype/finance_book/finance_book.json
Accounts,Financial Report Row,1,0,0,21,,True,False,erpnext/accounts/doctype/financial_report_row/financial_report_row.json,b30aa5334bcea94dba74f5b866af13c43a861948,https://github.com/frappe/erpnext/blob/b30aa5334bcea94dba74f5b866af13c43a861948/erpnext/accounts/doctype/financial_report_row/financial_report_row.json
Accounts,Financial Report Template,0,0,0,7,Accounts Manager | Accounts User | Auditor,True,True,erpnext/accounts/doctype/financial_report_template/financial_report_template.json,b30aa5334bcea94dba74f5b866af13c43a861948,https://github.com/frappe/erpnext/blob/b30aa5334bcea94dba74f5b866af13c43a861948/erpnext/accounts/doctype/financial_report_template/financial_report_template.json
Accounts,Fiscal Year,0,0,0,7,Accounts Manager | Accounts User | Auditor | Employee | Purchase User | Sales Master Manager | Sales User | Stock Manager | Stock User | System Manager,True,True,erpnext/accounts/doctype/fiscal_year/fiscal_year.json,b30aa5334bcea94dba74f5b866af13c43a861948,https://github.com/frappe/erpnext/blob/b30aa5334bcea94dba74f5b866af13c43a861948/erpnext/accounts/doctype/fiscal_year/fiscal_year.json
Accounts,Fiscal Year Company,1,0,0,1,,True,False,erpnext/accounts/doctype/fiscal_year_company/fiscal_year_company.json,b30aa5334bcea94dba74f5b866af13c43a861948,https://github.com/frappe/erpnext/blob/b30aa5334bcea94dba74f5b866af13c43a861948/erpnext/accounts/doctype/fiscal_year_company/fiscal_year_company.json
Accounts,GL Entry,0,0,0,47,Accounts Manager | Accounts User | Auditor,True,True,erpnext/accounts/doctype/gl_entry/gl_entry.json,b30aa5334bcea94dba74f5b866af13c43a861948,https://github.com/frappe/erpnext/blob/b30aa5334bcea94dba74f5b866af13c43a861948/erpnext/accounts/doctype/gl_entry/gl_entry.json
Accounts,Invoice Discounting,0,0,1,22,Accounts Manager,True,True,erpnext/accounts/doctype/invoice_discounting/invoice_discounting.json,b30aa5334bcea94dba74f5b866af13c43a861948,https://github.com/frappe/erpnext/blob/b30aa5334bcea94dba74f5b866af13c43a861948/erpnext/accounts/doctype/invoice_discounting/invoice_discounting.json
Accounts,Item Tax Template,0,0,0,6,Accounts Manager | Accounts User | Delivery Manager | Delivery User | Item Manager | Maintenance Manager | Maintenance User | Manufacturing Manager | Purchase Manager | Purchase User | Sales Manager | Sales User | Stock Manager | Stock User | System Manager,True,True,erpnext/accounts/doctype/item_tax_template/item_tax_template.json,b30aa5334bcea94dba74f5b866af13c43a861948,https://github.com/frappe/erpnext/blob/b30aa5334bcea94dba74f5b866af13c43a861948/erpnext/accounts/doctype/item_tax_template/item_tax_template.json
Accounts,Item Tax Template Detail,1,0,0,3,,True,False,erpnext/accounts/doctype/item_tax_template_detail/item_tax_template_detail.json,b30aa5334bcea94dba74f5b866af13c43a861948,https://github.com/frappe/erpnext/blob/b30aa5334bcea94dba74f5b866af13c43a861948/erpnext/accounts/doctype/item_tax_template_detail/item_tax_template_detail.json
Accounts,Item Wise Tax Detail,1,0,0,5,,True,False,erpnext/accounts/doctype/item_wise_tax_detail/item_wise_tax_detail.json,b30aa5334bcea94dba74f5b866af13c43a861948,https://github.com/frappe/erpnext/blob/b30aa5334bcea94dba74f5b866af13c43a861948/erpnext/accounts/doctype/item_wise_tax_detail/item_wise_tax_detail.json
Accounts,Journal Entry,0,0,1,74,Accounts Manager | Accounts User | Auditor,True,True,erpnext/accounts/doctype/journal_entry/journal_entry.json,b30aa5334bcea94dba74f5b866af13c43a861948,https://github.com/frappe/erpnext/blob/b30aa5334bcea94dba74f5b866af13c43a861948/erpnext/accounts/doctype/journal_entry/journal_entry.json
Accounts,Journal Entry Account,1,0,0,32,,True,False,erpnext/accounts/doctype/journal_entry_account/journal_entry_account.json,b30aa5334bcea94dba74f5b866af13c43a861948,https://github.com/frappe/erpnext/blob/b30aa5334bcea94dba74f5b866af13c43a861948/erpnext/accounts/doctype/journal_entry_account/journal_entry_account.json
Accounts,Journal Entry Template,0,0,0,10,Accounts Manager | Accounts User | Auditor,True,True,erpnext/accounts/doctype/journal_entry_template/journal_entry_template.json,b30aa5334bcea94dba74f5b866af13c43a861948,https://github.com/frappe/erpnext/blob/b30aa5334bcea94dba74f5b866af13c43a861948/erpnext/accounts/doctype/journal_entry_template/journal_entry_template.json
Accounts,Journal Entry Template Account,1,0,0,7,,True,False,erpnext/accounts/doctype/journal_entry_template_account/journal_entry_template_account.json,b30aa5334bcea94dba74f5b866af13c43a861948,https://github.com/frappe/erpnext/blob/b30aa5334bcea94dba74f5b866af13c43a861948/erpnext/accounts/doctype/journal_entry_template_account/journal_entry_template_account.json
Accounts,Ledger Health,0,0,0,5,System Manager,True,True,erpnext/accounts/doctype/ledger_health/ledger_health.json,b30aa5334bcea94dba74f5b866af13c43a861948,https://github.com/frappe/erpnext/blob/b30aa5334bcea94dba74f5b866af13c43a861948/erpnext/accounts/doctype/ledger_health/ledger_health.json
Accounts,Ledger Health Monitor,0,1,0,7,Accounts Manager | Accounts User | System Manager,True,True,erpnext/accounts/doctype/ledger_health_monitor/ledger_health_monitor.json,b30aa5334bcea94dba74f5b866af13c43a861948,https://github.com/frappe/erpnext/blob/b30aa5334bcea94dba74f5b866af13c43a861948/erpnext/accounts/doctype/ledger_health_monitor/ledger_health_monitor.json
Accounts,Ledger Health Monitor Company,1,0,0,1,,True,False,erpnext/accounts/doctype/ledger_health_monitor_company/ledger_health_monitor_company.json,b30aa5334bcea94dba74f5b866af13c43a861948,https://github.com/frappe/erpnext/blob/b30aa5334bcea94dba74f5b866af13c43a861948/erpnext/accounts/doctype/ledger_health_monitor_company/ledger_health_monitor_company.json
Accounts,Ledger Merge,0,0,0,10,Accounts Manager | System Manager,True,True,erpnext/accounts/doctype/ledger_merge/ledger_merge.json,b30aa5334bcea94dba74f5b866af13c43a861948,https://github.com/frappe/erpnext/blob/b30aa5334bcea94dba74f5b866af13c43a861948/erpnext/accounts/doctype/ledger_merge/ledger_merge.json
Accounts,Ledger Merge Accounts,1,0,0,3,,True,False,erpnext/accounts/doctype/ledger_merge_accounts/ledger_merge_accounts.json,b30aa5334bcea94dba74f5b866af13c43a861948,https://github.com/frappe/erpnext/blob/b30aa5334bcea94dba74f5b866af13c43a861948/erpnext/accounts/doctype/ledger_merge_accounts/ledger_merge_accounts.json
Accounts,Loyalty Point Entry,0,0,0,12,Accounts Manager | Accounts User | Auditor,True,True,erpnext/accounts/doctype/loyalty_point_entry/loyalty_point_entry.json,b30aa5334bcea94dba74f5b866af13c43a861948,https://github.com/frappe/erpnext/blob/b30aa5334bcea94dba74f5b866af13c43a861948/erpnext/accounts/doctype/loyalty_point_entry/loyalty_point_entry.json
Accounts,Loyalty Point Entry Redemption,1,0,0,3,,True,False,erpnext/accounts/doctype/loyalty_point_entry_redemption/loyalty_point_entry_redemption.json,b30aa5334bcea94dba74f5b866af13c43a861948,https://github.com/frappe/erpnext/blob/b30aa5334bcea94dba74f5b866af13c43a861948/erpnext/accounts/doctype/loyalty_point_entry_redemption/loyalty_point_entry_redemption.json
Accounts,Loyalty Program,0,0,0,22,Sales Master Manager | Sales User | System Manager,True,True,erpnext/accounts/doctype/loyalty_program/loyalty_program.json,b30aa5334bcea94dba74f5b866af13c43a861948,https://github.com/frappe/erpnext/blob/b30aa5334bcea94dba74f5b866af13c43a861948/erpnext/accounts/doctype/loyalty_program/loyalty_program.json
Accounts,Loyalty Program Collection,1,0,0,4,,True,False,erpnext/accounts/doctype/loyalty_program_collection/loyalty_program_collection.json,b30aa5334bcea94dba74f5b866af13c43a861948,https://github.com/frappe/erpnext/blob/b30aa5334bcea94dba74f5b866af13c43a861948/erpnext/accounts/doctype/loyalty_program_collection/loyalty_program_collection.json
Accounts,Mode of Payment,0,0,0,4,Accounts Manager | Accounts User | HR Manager | HR User | Maintenance Manager | Maintenance User | Purchase Manager | Purchase User | Sales Manager | Sales User,True,True,erpnext/accounts/doctype/mode_of_payment/mode_of_payment.json,b30aa5334bcea94dba74f5b866af13c43a861948,https://github.com/frappe/erpnext/blob/b30aa5334bcea94dba74f5b866af13c43a861948/erpnext/accounts/doctype/mode_of_payment/mode_of_payment.json
Accounts,Mode of Payment Account,1,0,0,2,,True,False,erpnext/accounts/doctype/mode_of_payment_account/mode_of_payment_account.json,b30aa5334bcea94dba74f5b866af13c43a861948,https://github.com/frappe/erpnext/blob/b30aa5334bcea94dba74f5b866af13c43a861948/erpnext/accounts/doctype/mode_of_payment_account/mode_of_payment_account.json
Accounts,Monthly Distribution,0,0,0,3,Accounts Manager | Sales Master Manager,True,True,erpnext/accounts/doctype/monthly_distribution/monthly_distribution.json,b30aa5334bcea94dba74f5b866af13c43a861948,https://github.com/frappe/erpnext/blob/b30aa5334bcea94dba74f5b866af13c43a861948/erpnext/accounts/doctype/monthly_distribution/monthly_distribution.json
Accounts,Monthly Distribution Percentage,1,0,0,2,,True,False,erpnext/accounts/doctype/monthly_distribution_percentage/monthly_distribution_percentage.json,b30aa5334bcea94dba74f5b866af13c43a861948,https://github.com/frappe/erpnext/blob/b30aa5334bcea94dba74f5b866af13c43a861948/erpnext/accounts/doctype/monthly_distribution_percentage/monthly_distribution_percentage.json
Accounts,Opening Invoice Creation Tool,0,1,0,11,System Manager,True,True,erpnext/accounts/doctype/opening_invoice_creation_tool/opening_invoice_creation_tool.json,b30aa5334bcea94dba74f5b866af13c43a861948,https://github.com/frappe/erpnext/blob/b30aa5334bcea94dba74f5b866af13c43a861948/erpnext/accounts/doctype/opening_invoice_creation_tool/opening_invoice_creation_tool.json
Accounts,Opening Invoice Creation Tool Item,1,0,0,18,,True,False,erpnext/accounts/doctype/opening_invoice_creation_tool_item/opening_invoice_creation_tool_item.json,b30aa5334bcea94dba74f5b866af13c43a861948,https://github.com/frappe/erpnext/blob/b30aa5334bcea94dba74f5b866af13c43a861948/erpnext/accounts/doctype/opening_invoice_creation_tool_item/opening_invoice_creation_tool_item.json
Accounts,Overdue Payment,1,0,0,18,,True,False,erpnext/accounts/doctype/overdue_payment/overdue_payment.json,b30aa5334bcea94dba74f5b866af13c43a861948,https://github.com/frappe/erpnext/blob/b30aa5334bcea94dba74f5b866af13c43a861948/erpnext/accounts/doctype/overdue_payment/overdue_payment.json
Accounts,POS Closing Entry,0,0,1,31,Administrator | Sales Manager | System Manager,True,True,erpnext/accounts/doctype/pos_closing_entry/pos_closing_entry.json,b30aa5334bcea94dba74f5b866af13c43a861948,https://github.com/frappe/erpnext/blob/b30aa5334bcea94dba74f5b866af13c43a861948/erpnext/accounts/doctype/pos_closing_entry/pos_closing_entry.json
Accounts,POS Closing Entry Detail,1,0,0,5,,True,False,erpnext/accounts/doctype/pos_closing_entry_detail/pos_closing_entry_detail.json,b30aa5334bcea94dba74f5b866af13c43a861948,https://github.com/frappe/erpnext/blob/b30aa5334bcea94dba74f5b866af13c43a861948/erpnext/accounts/doctype/pos_closing_entry_detail/pos_closing_entry_detail.json
Accounts,POS Closing Entry Taxes,1,0,0,2,,True,False,erpnext/accounts/doctype/pos_closing_entry_taxes/pos_closing_entry_taxes.json,b30aa5334bcea94dba74f5b866af13c43a861948,https://github.com/frappe/erpnext/blob/b30aa5334bcea94dba74f5b866af13c43a861948/erpnext/accounts/doctype/pos_closing_entry_taxes/pos_closing_entry_taxes.json
Accounts,POS Customer Group,1,0,0,1,,True,False,erpnext/accounts/doctype/pos_customer_group/pos_customer_group.json,b30aa5334bcea94dba74f5b866af13c43a861948,https://github.com/frappe/erpnext/blob/b30aa5334bcea94dba74f5b866af13c43a861948/erpnext/accounts/doctype/pos_customer_group/pos_customer_group.json
Accounts,POS Field,1,0,0,8,,True,False,erpnext/accounts/doctype/pos_field/pos_field.json,b30aa5334bcea94dba74f5b866af13c43a861948,https://github.com/frappe/erpnext/blob/b30aa5334bcea94dba74f5b866af13c43a861948/erpnext/accounts/doctype/pos_field/pos_field.json
Accounts,POS Invoice,0,0,1,185,Accounts Manager | Accounts User | All | Sales Manager | Sales User,True,True,erpnext/accounts/doctype/pos_invoice/pos_invoice.json,b30aa5334bcea94dba74f5b866af13c43a861948,https://github.com/frappe/erpnext/blob/b30aa5334bcea94dba74f5b866af13c43a861948/erpnext/accounts/doctype/pos_invoice/pos_invoice.json
Accounts,POS Invoice Item,1,0,0,98,,True,False,erpnext/accounts/doctype/pos_invoice_item/pos_invoice_item.json,b30aa5334bcea94dba74f5b866af13c43a861948,https://github.com/frappe/erpnext/blob/b30aa5334bcea94dba74f5b866af13c43a861948/erpnext/accounts/doctype/pos_invoice_item/pos_invoice_item.json
Accounts,POS Invoice Merge Log,0,0,1,15,Administrator | Sales Manager | Sales User | System Manager,True,True,erpnext/accounts/doctype/pos_invoice_merge_log/pos_invoice_merge_log.json,b30aa5334bcea94dba74f5b866af13c43a861948,https://github.com/frappe/erpnext/blob/b30aa5334bcea94dba74f5b866af13c43a861948/erpnext/accounts/doctype/pos_invoice_merge_log/pos_invoice_merge_log.json
Accounts,POS Invoice Reference,1,0,0,7,,True,False,erpnext/accounts/doctype/pos_invoice_reference/pos_invoice_reference.json,b30aa5334bcea94dba74f5b866af13c43a861948,https://github.com/frappe/erpnext/blob/b30aa5334bcea94dba74f5b866af13c43a861948/erpnext/accounts/doctype/pos_invoice_reference/pos_invoice_reference.json
Accounts,POS Item Group,1,0,0,1,,True,False,erpnext/accounts/doctype/pos_item_group/pos_item_group.json,b30aa5334bcea94dba74f5b866af13c43a861948,https://github.com/frappe/erpnext/blob/b30aa5334bcea94dba74f5b866af13c43a861948/erpnext/accounts/doctype/pos_item_group/pos_item_group.json
Accounts,POS Opening Entry,0,0,1,16,Administrator | Sales Manager | System Manager,True,True,erpnext/accounts/doctype/pos_opening_entry/pos_opening_entry.json,b30aa5334bcea94dba74f5b866af13c43a861948,https://github.com/frappe/erpnext/blob/b30aa5334bcea94dba74f5b866af13c43a861948/erpnext/accounts/doctype/pos_opening_entry/pos_opening_entry.json
Accounts,POS Opening Entry Detail,1,0,0,2,,True,False,erpnext/accounts/doctype/pos_opening_entry_detail/pos_opening_entry_detail.json,b30aa5334bcea94dba74f5b866af13c43a861948,https://github.com/frappe/erpnext/blob/b30aa5334bcea94dba74f5b866af13c43a861948/erpnext/accounts/doctype/pos_opening_entry_detail/pos_opening_entry_detail.json
Accounts,POS Payment Method,1,0,0,3,,True,False,erpnext/accounts/doctype/pos_payment_method/pos_payment_method.json,b30aa5334bcea94dba74f5b866af13c43a861948,https://github.com/frappe/erpnext/blob/b30aa5334bcea94dba74f5b866af13c43a861948/erpnext/accounts/doctype/pos_payment_method/pos_payment_method.json
Accounts,POS Profile,0,0,0,76,Accounts Manager | Accounts User | Sales Manager,True,True,erpnext/accounts/doctype/pos_profile/pos_profile.json,b30aa5334bcea94dba74f5b866af13c43a861948,https://github.com/frappe/erpnext/blob/b30aa5334bcea94dba74f5b866af13c43a861948/erpnext/accounts/doctype/pos_profile/pos_profile.json
Accounts,POS Profile User,1,0,0,2,,True,True,erpnext/accounts/doctype/pos_profile_user/pos_profile_user.json,b30aa5334bcea94dba74f5b866af13c43a861948,https://github.com/frappe/erpnext/blob/b30aa5334bcea94dba74f5b866af13c43a861948/erpnext/accounts/doctype/pos_profile_user/pos_profile_user.json
Accounts,POS Search Fields,1,0,0,2,,True,False,erpnext/accounts/doctype/pos_search_fields/pos_search_fields.json,b30aa5334bcea94dba74f5b866af13c43a861948,https://github.com/frappe/erpnext/blob/b30aa5334bcea94dba74f5b866af13c43a861948/erpnext/accounts/doctype/pos_search_fields/pos_search_fields.json
Accounts,POS Settings,0,1,0,6,Accounts User | Sales User | System Manager,True,True,erpnext/accounts/doctype/pos_settings/pos_settings.json,b30aa5334bcea94dba74f5b866af13c43a861948,https://github.com/frappe/erpnext/blob/b30aa5334bcea94dba74f5b866af13c43a861948/erpnext/accounts/doctype/pos_settings/pos_settings.json
Accounts,PSOA Cost Center,1,0,0,1,,True,False,erpnext/accounts/doctype/psoa_cost_center/psoa_cost_center.json,b30aa5334bcea94dba74f5b866af13c43a861948,https://github.com/frappe/erpnext/blob/b30aa5334bcea94dba74f5b866af13c43a861948/erpnext/accounts/doctype/psoa_cost_center/psoa_cost_center.json
Accounts,PSOA Project,1,0,0,1,,True,False,erpnext/accounts/doctype/psoa_project/psoa_project.json,b30aa5334bcea94dba74f5b866af13c43a861948,https://github.com/frappe/erpnext/blob/b30aa5334bcea94dba74f5b866af13c43a861948/erpnext/accounts/doctype/psoa_project/psoa_project.json
Accounts,Party Account,1,0,0,3,,True,False,erpnext/accounts/doctype/party_account/party_account.json,b30aa5334bcea94dba74f5b866af13c43a861948,https://github.com/frappe/erpnext/blob/b30aa5334bcea94dba74f5b866af13c43a861948/erpnext/accounts/doctype/party_account/party_account.json
Accounts,Party Link,0,0,0,5,Accounts Manager | Accounts User | System Manager,True,True,erpnext/accounts/doctype/party_link/party_link.json,b30aa5334bcea94dba74f5b866af13c43a861948,https://github.com/frappe/erpnext/blob/b30aa5334bcea94dba74f5b866af13c43a861948/erpnext/accounts/doctype/party_link/party_link.json
Accounts,Payment Entry,0,0,1,93,Accounts Manager | Accounts User,True,True,erpnext/accounts/doctype/payment_entry/payment_entry.json,b30aa5334bcea94dba74f5b866af13c43a861948,https://github.com/frappe/erpnext/blob/b30aa5334bcea94dba74f5b866af13c43a861948/erpnext/accounts/doctype/payment_entry/payment_entry.json
Accounts,Payment Entry Deduction,1,0,0,7,,True,False,erpnext/accounts/doctype/payment_entry_deduction/payment_entry_deduction.json,b30aa5334bcea94dba74f5b866af13c43a861948,https://github.com/frappe/erpnext/blob/b30aa5334bcea94dba74f5b866af13c43a861948/erpnext/accounts/doctype/payment_entry_deduction/payment_entry_deduction.json
Accounts,Payment Entry Reference,1,0,0,20,,True,False,erpnext/accounts/doctype/payment_entry_reference/payment_entry_reference.json,b30aa5334bcea94dba74f5b866af13c43a861948,https://github.com/frappe/erpnext/blob/b30aa5334bcea94dba74f5b866af13c43a861948/erpnext/accounts/doctype/payment_entry_reference/payment_entry_reference.json
Accounts,Payment Gateway Account,0,0,0,10,Accounts Manager,True,True,erpnext/accounts/doctype/payment_gateway_account/payment_gateway_account.json,b30aa5334bcea94dba74f5b866af13c43a861948,https://github.com/frappe/erpnext/blob/b30aa5334bcea94dba74f5b866af13c43a861948/erpnext/accounts/doctype/payment_gateway_account/payment_gateway_account.json
Accounts,Payment Ledger Entry,0,0,0,20,Accounts Manager | Accounts User | Auditor,True,True,erpnext/accounts/doctype/payment_ledger_entry/payment_ledger_entry.json,b30aa5334bcea94dba74f5b866af13c43a861948,https://github.com/frappe/erpnext/blob/b30aa5334bcea94dba74f5b866af13c43a861948/erpnext/accounts/doctype/payment_ledger_entry/payment_ledger_entry.json
Accounts,Payment Order,0,0,1,12,Accounts Manager | Accounts User,True,True,erpnext/accounts/doctype/payment_order/payment_order.json,b30aa5334bcea94dba74f5b866af13c43a861948,https://github.com/frappe/erpnext/blob/b30aa5334bcea94dba74f5b866af13c43a861948/erpnext/accounts/doctype/payment_order/payment_order.json
Accounts,Payment Order Reference,1,0,0,12,,True,False,erpnext/accounts/doctype/payment_order_reference/payment_order_reference.json,b30aa5334bcea94dba74f5b866af13c43a861948,https://github.com/frappe/erpnext/blob/b30aa5334bcea94dba74f5b866af13c43a861948/erpnext/accounts/doctype/payment_order_reference/payment_order_reference.json
Accounts,Payment Reconciliation,0,1,0,32,Accounts Manager | Accounts User,True,True,erpnext/accounts/doctype/payment_reconciliation/payment_reconciliation.json,b30aa5334bcea94dba74f5b866af13c43a861948,https://github.com/frappe/erpnext/blob/b30aa5334bcea94dba74f5b866af13c43a861948/erpnext/accounts/doctype/payment_reconciliation/payment_reconciliation.json
Accounts,Payment Reconciliation Allocation,1,0,0,23,,True,False,erpnext/accounts/doctype/payment_reconciliation_allocation/payment_reconciliation_allocation.json,b30aa5334bcea94dba74f5b866af13c43a861948,https://github.com/frappe/erpnext/blob/b30aa5334bcea94dba74f5b866af13c43a861948/erpnext/accounts/doctype/payment_reconciliation_allocation/payment_reconciliation_allocation.json
Accounts,Payment Reconciliation Invoice,1,0,0,8,,True,False,erpnext/accounts/doctype/payment_reconciliation_invoice/payment_reconciliation_invoice.json,b30aa5334bcea94dba74f5b866af13c43a861948,https://github.com/frappe/erpnext/blob/b30aa5334bcea94dba74f5b866af13c43a861948/erpnext/accounts/doctype/payment_reconciliation_invoice/payment_reconciliation_invoice.json
Accounts,Payment Reconciliation Payment,1,0,0,13,,True,False,erpnext/accounts/doctype/payment_reconciliation_payment/payment_reconciliation_payment.json,b30aa5334bcea94dba74f5b866af13c43a861948,https://github.com/frappe/erpnext/blob/b30aa5334bcea94dba74f5b866af13c43a861948/erpnext/accounts/doctype/payment_reconciliation_payment/payment_reconciliation_payment.json
Accounts,Payment Reference,1,0,0,10,,True,False,erpnext/accounts/doctype/payment_reference/payment_reference.json,b30aa5334bcea94dba74f5b866af13c43a861948,https://github.com/frappe/erpnext/blob/b30aa5334bcea94dba74f5b866af13c43a861948/erpnext/accounts/doctype/payment_reference/payment_reference.json
Accounts,Payment Request,0,0,1,60,Accounts Manager | Accounts User,True,True,erpnext/accounts/doctype/payment_request/payment_request.json,b30aa5334bcea94dba74f5b866af13c43a861948,https://github.com/frappe/erpnext/blob/b30aa5334bcea94dba74f5b866af13c43a861948/erpnext/accounts/doctype/payment_request/payment_request.json
Accounts,Payment Schedule,1,0,0,27,,True,False,erpnext/accounts/doctype/payment_schedule/payment_schedule.json,b30aa5334bcea94dba74f5b866af13c43a861948,https://github.com/frappe/erpnext/blob/b30aa5334bcea94dba74f5b866af13c43a861948/erpnext/accounts/doctype/payment_schedule/payment_schedule.json
Accounts,Payment Term,0,0,0,15,Accounts Manager | Accounts User | Maintenance Manager | Maintenance User | Purchase Manager | Purchase User | Sales Manager | Sales User | System Manager,True,True,erpnext/accounts/doctype/payment_term/payment_term.json,b30aa5334bcea94dba74f5b866af13c43a861948,https://github.com/frappe/erpnext/blob/b30aa5334bcea94dba74f5b866af13c43a861948/erpnext/accounts/doctype/payment_term/payment_term.json
Accounts,Payment Terms Template,0,0,0,3,Accounts Manager | Accounts User | All | System Manager,True,True,erpnext/accounts/doctype/payment_terms_template/payment_terms_template.json,b30aa5334bcea94dba74f5b866af13c43a861948,https://github.com/frappe/erpnext/blob/b30aa5334bcea94dba74f5b866af13c43a861948/erpnext/accounts/doctype/payment_terms_template/payment_terms_template.json
Accounts,Payment Terms Template Detail,1,0,0,16,,True,False,erpnext/accounts/doctype/payment_terms_template_detail/payment_terms_template_detail.json,b30aa5334bcea94dba74f5b866af13c43a861948,https://github.com/frappe/erpnext/blob/b30aa5334bcea94dba74f5b866af13c43a861948/erpnext/accounts/doctype/payment_terms_template_detail/payment_terms_template_detail.json
Accounts,Pegged Currencies,0,1,0,2,System Manager,True,True,erpnext/accounts/doctype/pegged_currencies/pegged_currencies.json,b30aa5334bcea94dba74f5b866af13c43a861948,https://github.com/frappe/erpnext/blob/b30aa5334bcea94dba74f5b866af13c43a861948/erpnext/accounts/doctype/pegged_currencies/pegged_currencies.json
Accounts,Pegged Currency Details,1,0,0,3,,True,False,erpnext/accounts/doctype/pegged_currency_details/pegged_currency_details.json,b30aa5334bcea94dba74f5b866af13c43a861948,https://github.com/frappe/erpnext/blob/b30aa5334bcea94dba74f5b866af13c43a861948/erpnext/accounts/doctype/pegged_currency_details/pegged_currency_details.json
Accounts,Period Closing Voucher,0,0,1,11,Accounts Manager | System Manager,True,True,erpnext/accounts/doctype/period_closing_voucher/period_closing_voucher.json,b30aa5334bcea94dba74f5b866af13c43a861948,https://github.com/frappe/erpnext/blob/b30aa5334bcea94dba74f5b866af13c43a861948/erpnext/accounts/doctype/period_closing_voucher/period_closing_voucher.json
Accounts,Pricing Rule,0,0,0,88,Accounts Manager | Purchase Manager | Sales Manager | System Manager | Website Manager,True,True,erpnext/accounts/doctype/pricing_rule/pricing_rule.json,b30aa5334bcea94dba74f5b866af13c43a861948,https://github.com/frappe/erpnext/blob/b30aa5334bcea94dba74f5b866af13c43a861948/erpnext/accounts/doctype/pricing_rule/pricing_rule.json
Accounts,Pricing Rule Brand,1,0,0,2,,True,False,erpnext/accounts/doctype/pricing_rule_brand/pricing_rule_brand.json,b30aa5334bcea94dba74f5b866af13c43a861948,https://github.com/frappe/erpnext/blob/b30aa5334bcea94dba74f5b866af13c43a861948/erpnext/accounts/doctype/pricing_rule_brand/pricing_rule_brand.json
Accounts,Pricing Rule Detail,1,0,0,6,,True,False,erpnext/accounts/doctype/pricing_rule_detail/pricing_rule_detail.json,b30aa5334bcea94dba74f5b866af13c43a861948,https://github.com/frappe/erpnext/blob/b30aa5334bcea94dba74f5b866af13c43a861948/erpnext/accounts/doctype/pricing_rule_detail/pricing_rule_detail.json
Accounts,Pricing Rule Item Code,1,0,0,2,,True,False,erpnext/accounts/doctype/pricing_rule_item_code/pricing_rule_item_code.json,b30aa5334bcea94dba74f5b866af13c43a861948,https://github.com/frappe/erpnext/blob/b30aa5334bcea94dba74f5b866af13c43a861948/erpnext/accounts/doctype/pricing_rule_item_code/pricing_rule_item_code.json
Accounts,Pricing Rule Item Group,1,0,0,2,,True,False,erpnext/accounts/doctype/pricing_rule_item_group/pricing_rule_item_group.json,b30aa5334bcea94dba74f5b866af13c43a861948,https://github.com/frappe/erpnext/blob/b30aa5334bcea94dba74f5b866af13c43a861948/erpnext/accounts/doctype/pricing_rule_item_group/pricing_rule_item_group.json
Accounts,Process Deferred Accounting,0,0,1,8,Accounts Manager | Accounts User | System Manager,True,True,erpnext/accounts/doctype/process_deferred_accounting/process_deferred_accounting.json,b30aa5334bcea94dba74f5b866af13c43a861948,https://github.com/frappe/erpnext/blob/b30aa5334bcea94dba74f5b866af13c43a861948/erpnext/accounts/doctype/process_deferred_accounting/process_deferred_accounting.json
Accounts,Process Payment Reconciliation,0,0,1,20,Accounts Manager | Accounts User,True,True,erpnext/accounts/doctype/process_payment_reconciliation/process_payment_reconciliation.json,b30aa5334bcea94dba74f5b866af13c43a861948,https://github.com/frappe/erpnext/blob/b30aa5334bcea94dba74f5b866af13c43a861948/erpnext/accounts/doctype/process_payment_reconciliation/process_payment_reconciliation.json
Accounts,Process Payment Reconciliation Log,0,0,0,13,Accounts Manager | Accounts User,True,True,erpnext/accounts/doctype/process_payment_reconciliation_log/process_payment_reconciliation_log.json,b30aa5334bcea94dba74f5b866af13c43a861948,https://github.com/frappe/erpnext/blob/b30aa5334bcea94dba74f5b866af13c43a861948/erpnext/accounts/doctype/process_payment_reconciliation_log/process_payment_reconciliation_log.json
Accounts,Process Payment Reconciliation Log Allocations,1,0,0,20,,True,False,erpnext/accounts/doctype/process_payment_reconciliation_log_allocations/process_payment_reconciliation_log_allocations.json,b30aa5334bcea94dba74f5b866af13c43a861948,https://github.com/frappe/erpnext/blob/b30aa5334bcea94dba74f5b866af13c43a861948/erpnext/accounts/doctype/process_payment_reconciliation_log_allocations/process_payment_reconciliation_log_allocations.json
Accounts,Process Period Closing Voucher,0,0,1,9,Accounts Manager | System Manager,True,True,erpnext/accounts/doctype/process_period_closing_voucher/process_period_closing_voucher.json,b30aa5334bcea94dba74f5b866af13c43a861948,https://github.com/frappe/erpnext/blob/b30aa5334bcea94dba74f5b866af13c43a861948/erpnext/accounts/doctype/process_period_closing_voucher/process_period_closing_voucher.json
Accounts,Process Period Closing Voucher Detail,1,0,0,4,,True,False,erpnext/accounts/doctype/process_period_closing_voucher_detail/process_period_closing_voucher_detail.json,b30aa5334bcea94dba74f5b866af13c43a861948,https://github.com/frappe/erpnext/blob/b30aa5334bcea94dba74f5b866af13c43a861948/erpnext/accounts/doctype/process_period_closing_voucher_detail/process_period_closing_voucher_detail.json
Accounts,Process Statement Of Accounts,0,0,0,57,Accounts Manager | Accounts User,True,True,erpnext/accounts/doctype/process_statement_of_accounts/process_statement_of_accounts.json,b30aa5334bcea94dba74f5b866af13c43a861948,https://github.com/frappe/erpnext/blob/b30aa5334bcea94dba74f5b866af13c43a861948/erpnext/accounts/doctype/process_statement_of_accounts/process_statement_of_accounts.json
Accounts,Process Statement Of Accounts CC,1,0,0,1,,True,False,erpnext/accounts/doctype/process_statement_of_accounts_cc/process_statement_of_accounts_cc.json,b30aa5334bcea94dba74f5b866af13c43a861948,https://github.com/frappe/erpnext/blob/b30aa5334bcea94dba74f5b866af13c43a861948/erpnext/accounts/doctype/process_statement_of_accounts_cc/process_statement_of_accounts_cc.json
Accounts,Process Statement Of Accounts Customer,1,0,0,4,,True,False,erpnext/accounts/doctype/process_statement_of_accounts_customer/process_statement_of_accounts_customer.json,b30aa5334bcea94dba74f5b866af13c43a861948,https://github.com/frappe/erpnext/blob/b30aa5334bcea94dba74f5b866af13c43a861948/erpnext/accounts/doctype/process_statement_of_accounts_customer/process_statement_of_accounts_customer.json
Accounts,Process Subscription,0,0,1,3,Accounts Manager | Accounts User | System Manager,True,True,erpnext/accounts/doctype/process_subscription/process_subscription.json,b30aa5334bcea94dba74f5b866af13c43a861948,https://github.com/frappe/erpnext/blob/b30aa5334bcea94dba74f5b866af13c43a861948/erpnext/accounts/doctype/process_subscription/process_subscription.json
Accounts,Promotional Scheme,0,0,0,37,Accounts Manager | Accounts User | Sales Manager | System Manager,True,True,erpnext/accounts/doctype/promotional_scheme/promotional_scheme.json,b30aa5334bcea94dba74f5b866af13c43a861948,https://github.com/frappe/erpnext/blob/b30aa5334bcea94dba74f5b866af13c43a861948/erpnext/accounts/doctype/promotional_scheme/promotional_scheme.json
Accounts,Promotional Scheme Price Discount,1,0,0,24,,True,False,erpnext/accounts/doctype/promotional_scheme_price_discount/promotional_scheme_price_discount.json,b30aa5334bcea94dba74f5b866af13c43a861948,https://github.com/frappe/erpnext/blob/b30aa5334bcea94dba74f5b866af13c43a861948/erpnext/accounts/doctype/promotional_scheme_price_discount/promotional_scheme_price_discount.json
Accounts,Promotional Scheme Product Discount,1,0,0,26,,True,False,erpnext/accounts/doctype/promotional_scheme_product_discount/promotional_scheme_product_discount.json,b30aa5334bcea94dba74f5b866af13c43a861948,https://github.com/frappe/erpnext/blob/b30aa5334bcea94dba74f5b866af13c43a861948/erpnext/accounts/doctype/promotional_scheme_product_discount/promotional_scheme_product_discount.json
Accounts,Purchase Invoice,0,0,1,200,Accounts Manager | Accounts User | Auditor | Manufacturing Manager | Purchase User | Quality Manager | Stock Manager,True,True,erpnext/accounts/doctype/purchase_invoice/purchase_invoice.json,b30aa5334bcea94dba74f5b866af13c43a861948,https://github.com/frappe/erpnext/blob/b30aa5334bcea94dba74f5b866af13c43a861948/erpnext/accounts/doctype/purchase_invoice/purchase_invoice.json
Accounts,Purchase Invoice Advance,1,0,0,10,,True,False,erpnext/accounts/doctype/purchase_invoice_advance/purchase_invoice_advance.json,b30aa5334bcea94dba74f5b866af13c43a861948,https://github.com/frappe/erpnext/blob/b30aa5334bcea94dba74f5b866af13c43a861948/erpnext/accounts/doctype/purchase_invoice_advance/purchase_invoice_advance.json
Accounts,Purchase Invoice Item,1,0,0,115,,True,False,erpnext/accounts/doctype/purchase_invoice_item/purchase_invoice_item.json,b30aa5334bcea94dba74f5b866af13c43a861948,https://github.com/frappe/erpnext/blob/b30aa5334bcea94dba74f5b866af13c43a861948/erpnext/accounts/doctype/purchase_invoice_item/purchase_invoice_item.json
Accounts,Purchase Taxes and Charges,1,0,0,32,,True,False,erpnext/accounts/doctype/purchase_taxes_and_charges/purchase_taxes_and_charges.json,b30aa5334bcea94dba74f5b866af13c43a861948,https://github.com/frappe/erpnext/blob/b30aa5334bcea94dba74f5b866af13c43a861948/erpnext/accounts/doctype/purchase_taxes_and_charges/purchase_taxes_and_charges.json
Accounts,Purchase Taxes and Charges Template,0,0,0,8,Accounts Manager | Accounts User | Manufacturing Manager | Purchase Manager | Purchase Master Manager | Purchase User | Stock Manager,True,True,erpnext/accounts/doctype/purchase_taxes_and_charges_template/purchase_taxes_and_charges_template.json,b30aa5334bcea94dba74f5b866af13c43a861948,https://github.com/frappe/erpnext/blob/b30aa5334bcea94dba74f5b866af13c43a861948/erpnext/accounts/doctype/purchase_taxes_and_charges_template/purchase_taxes_and_charges_template.json
Accounts,Repost Accounting Ledger,0,0,1,12,System Manager,True,True,erpnext/accounts/doctype/repost_accounting_ledger/repost_accounting_ledger.json,b30aa5334bcea94dba74f5b866af13c43a861948,https://github.com/frappe/erpnext/blob/b30aa5334bcea94dba74f5b866af13c43a861948/erpnext/accounts/doctype/repost_accounting_ledger/repost_accounting_ledger.json
Accounts,Repost Accounting Ledger Items,1,0,0,6,,True,False,erpnext/accounts/doctype/repost_accounting_ledger_items/repost_accounting_ledger_items.json,b30aa5334bcea94dba74f5b866af13c43a861948,https://github.com/frappe/erpnext/blob/b30aa5334bcea94dba74f5b866af13c43a861948/erpnext/accounts/doctype/repost_accounting_ledger_items/repost_accounting_ledger_items.json
Accounts,Repost Allowed Types,1,0,0,1,,True,False,erpnext/accounts/doctype/repost_allowed_types/repost_allowed_types.json,b30aa5334bcea94dba74f5b866af13c43a861948,https://github.com/frappe/erpnext/blob/b30aa5334bcea94dba74f5b866af13c43a861948/erpnext/accounts/doctype/repost_allowed_types/repost_allowed_types.json
Accounts,Repost Payment Ledger,0,0,1,12,Accounts Manager | Accounts User | System Manager,True,True,erpnext/accounts/doctype/repost_payment_ledger/repost_payment_ledger.json,b30aa5334bcea94dba74f5b866af13c43a861948,https://github.com/frappe/erpnext/blob/b30aa5334bcea94dba74f5b866af13c43a861948/erpnext/accounts/doctype/repost_payment_ledger/repost_payment_ledger.json
Accounts,Repost Payment Ledger Items,1,0,0,2,,True,False,erpnext/accounts/doctype/repost_payment_ledger_items/repost_payment_ledger_items.json,b30aa5334bcea94dba74f5b866af13c43a861948,https://github.com/frappe/erpnext/blob/b30aa5334bcea94dba74f5b866af13c43a861948/erpnext/accounts/doctype/repost_payment_ledger_items/repost_payment_ledger_items.json
Accounts,Sales Invoice,0,0,1,233,Accounts Manager | Accounts User | All,True,True,erpnext/accounts/doctype/sales_invoice/sales_invoice.json,b30aa5334bcea94dba74f5b866af13c43a861948,https://github.com/frappe/erpnext/blob/b30aa5334bcea94dba74f5b866af13c43a861948/erpnext/accounts/doctype/sales_invoice/sales_invoice.json
Accounts,Sales Invoice Advance,1,0,0,10,,True,False,erpnext/accounts/doctype/sales_invoice_advance/sales_invoice_advance.json,b30aa5334bcea94dba74f5b866af13c43a861948,https://github.com/frappe/erpnext/blob/b30aa5334bcea94dba74f5b866af13c43a861948/erpnext/accounts/doctype/sales_invoice_advance/sales_invoice_advance.json
Accounts,Sales Invoice Item,1,0,0,117,,True,False,erpnext/accounts/doctype/sales_invoice_item/sales_invoice_item.json,b30aa5334bcea94dba74f5b866af13c43a861948,https://github.com/frappe/erpnext/blob/b30aa5334bcea94dba74f5b866af13c43a861948/erpnext/accounts/doctype/sales_invoice_item/sales_invoice_item.json
Accounts,Sales Invoice Payment,1,0,0,9,,True,False,erpnext/accounts/doctype/sales_invoice_payment/sales_invoice_payment.json,b30aa5334bcea94dba74f5b866af13c43a861948,https://github.com/frappe/erpnext/blob/b30aa5334bcea94dba74f5b866af13c43a861948/erpnext/accounts/doctype/sales_invoice_payment/sales_invoice_payment.json
Accounts,Sales Invoice Reference,1,0,0,7,,True,False,erpnext/accounts/doctype/sales_invoice_reference/sales_invoice_reference.json,b30aa5334bcea94dba74f5b866af13c43a861948,https://github.com/frappe/erpnext/blob/b30aa5334bcea94dba74f5b866af13c43a861948/erpnext/accounts/doctype/sales_invoice_reference/sales_invoice_reference.json
Accounts,Sales Invoice Timesheet,1,0,0,15,,True,False,erpnext/accounts/doctype/sales_invoice_timesheet/sales_invoice_timesheet.json,b30aa5334bcea94dba74f5b866af13c43a861948,https://github.com/frappe/erpnext/blob/b30aa5334bcea94dba74f5b866af13c43a861948/erpnext/accounts/doctype/sales_invoice_timesheet/sales_invoice_timesheet.json
Accounts,Sales Partner Item,1,0,0,1,,True,False,erpnext/accounts/doctype/sales_partner_item/sales_partner_item.json,b30aa5334bcea94dba74f5b866af13c43a861948,https://github.com/frappe/erpnext/blob/b30aa5334bcea94dba74f5b866af13c43a861948/erpnext/accounts/doctype/sales_partner_item/sales_partner_item.json
Accounts,Sales Taxes and Charges,1,0,0,27,,True,False,erpnext/accounts/doctype/sales_taxes_and_charges/sales_taxes_and_charges.json,b30aa5334bcea94dba74f5b866af13c43a861948,https://github.com/frappe/erpnext/blob/b30aa5334bcea94dba74f5b866af13c43a861948/erpnext/accounts/doctype/sales_taxes_and_charges/sales_taxes_and_charges.json
Accounts,Sales Taxes and Charges Template,0,0,0,8,Accounts Manager | Delivery Manager | Delivery User | Maintenance Manager | Maintenance User | Sales Master Manager | Sales User | Stock Manager,True,True,erpnext/accounts/doctype/sales_taxes_and_charges_template/sales_taxes_and_charges_template.json,b30aa5334bcea94dba74f5b866af13c43a861948,https://github.com/frappe/erpnext/blob/b30aa5334bcea94dba74f5b866af13c43a861948/erpnext/accounts/doctype/sales_taxes_and_charges_template/sales_taxes_and_charges_template.json
Accounts,Share Balance,1,0,0,10,,True,False,erpnext/accounts/doctype/share_balance/share_balance.json,b30aa5334bcea94dba74f5b866af13c43a861948,https://github.com/frappe/erpnext/blob/b30aa5334bcea94dba74f5b866af13c43a861948/erpnext/accounts/doctype/share_balance/share_balance.json
Accounts,Share Transfer,0,0,1,26,Accounts Manager | Accounts User | System Manager,True,True,erpnext/accounts/doctype/share_transfer/share_transfer.json,b30aa5334bcea94dba74f5b866af13c43a861948,https://github.com/frappe/erpnext/blob/b30aa5334bcea94dba74f5b866af13c43a861948/erpnext/accounts/doctype/share_transfer/share_transfer.json
Accounts,Share Type,0,0,0,2,Accounts Manager | Accounts User | Sales Manager | Sales Master Manager | Sales User | System Manager,True,True,erpnext/accounts/doctype/share_type/share_type.json,b30aa5334bcea94dba74f5b866af13c43a861948,https://github.com/frappe/erpnext/blob/b30aa5334bcea94dba74f5b866af13c43a861948/erpnext/accounts/doctype/share_type/share_type.json
Accounts,Shareholder,0,0,0,15,Accounts Manager | Accounts User | System Manager,True,True,erpnext/accounts/doctype/shareholder/shareholder.json,b30aa5334bcea94dba74f5b866af13c43a861948,https://github.com/frappe/erpnext/blob/b30aa5334bcea94dba74f5b866af13c43a861948/erpnext/accounts/doctype/shareholder/shareholder.json
Accounts,Shipping Rule,0,0,0,20,Accounts Manager | Accounts User | Delivery Manager | Delivery User | Maintenance Manager | Maintenance User | Manufacturing Manager | Purchase Manager | Purchase User | Sales Master Manager | Sales User | Stock Manager,True,True,erpnext/accounts/doctype/shipping_rule/shipping_rule.json,b30aa5334bcea94dba74f5b866af13c43a861948,https://github.com/frappe/erpnext/blob/b30aa5334bcea94dba74f5b866af13c43a861948/erpnext/accounts/doctype/shipping_rule/shipping_rule.json
Accounts,Shipping Rule Condition,1,0,0,3,,True,False,erpnext/accounts/doctype/shipping_rule_condition/shipping_rule_condition.json,b30aa5334bcea94dba74f5b866af13c43a861948,https://github.com/frappe/erpnext/blob/b30aa5334bcea94dba74f5b866af13c43a861948/erpnext/accounts/doctype/shipping_rule_condition/shipping_rule_condition.json
Accounts,Shipping Rule Country,1,0,0,1,,True,False,erpnext/accounts/doctype/shipping_rule_country/shipping_rule_country.json,b30aa5334bcea94dba74f5b866af13c43a861948,https://github.com/frappe/erpnext/blob/b30aa5334bcea94dba74f5b866af13c43a861948/erpnext/accounts/doctype/shipping_rule_country/shipping_rule_country.json
Accounts,South Africa VAT Account,1,0,0,1,,True,False,erpnext/accounts/doctype/south_africa_vat_account/south_africa_vat_account.json,b30aa5334bcea94dba74f5b866af13c43a861948,https://github.com/frappe/erpnext/blob/b30aa5334bcea94dba74f5b866af13c43a861948/erpnext/accounts/doctype/south_africa_vat_account/south_africa_vat_account.json
Accounts,Subscription,0,0,0,33,Accounts Manager | Accounts User | System Manager,True,True,erpnext/accounts/doctype/subscription/subscription.json,b30aa5334bcea94dba74f5b866af13c43a861948,https://github.com/frappe/erpnext/blob/b30aa5334bcea94dba74f5b866af13c43a861948/erpnext/accounts/doctype/subscription/subscription.json
Accounts,Subscription Invoice,1,0,0,2,,True,True,erpnext/accounts/doctype/subscription_invoice/subscription_invoice.json,b30aa5334bcea94dba74f5b866af13c43a861948,https://github.com/frappe/erpnext/blob/b30aa5334bcea94dba74f5b866af13c43a861948/erpnext/accounts/doctype/subscription_invoice/subscription_invoice.json
Accounts,Subscription Plan,0,0,0,20,Accounts Manager | Accounts User | System Manager,True,True,erpnext/accounts/doctype/subscription_plan/subscription_plan.json,b30aa5334bcea94dba74f5b866af13c43a861948,https://github.com/frappe/erpnext/blob/b30aa5334bcea94dba74f5b866af13c43a861948/erpnext/accounts/doctype/subscription_plan/subscription_plan.json
Accounts,Subscription Plan Detail,1,0,0,2,,True,False,erpnext/accounts/doctype/subscription_plan_detail/subscription_plan_detail.json,b30aa5334bcea94dba74f5b866af13c43a861948,https://github.com/frappe/erpnext/blob/b30aa5334bcea94dba74f5b866af13c43a861948/erpnext/accounts/doctype/subscription_plan_detail/subscription_plan_detail.json
Accounts,Subscription Settings,0,1,0,3,Accounts Manager | Accounts User | System Manager,True,True,erpnext/accounts/doctype/subscription_settings/subscription_settings.json,b30aa5334bcea94dba74f5b866af13c43a861948,https://github.com/frappe/erpnext/blob/b30aa5334bcea94dba74f5b866af13c43a861948/erpnext/accounts/doctype/subscription_settings/subscription_settings.json
Accounts,Supplier Group Item,1,0,0,1,,True,False,erpnext/accounts/doctype/supplier_group_item/supplier_group_item.json,b30aa5334bcea94dba74f5b866af13c43a861948,https://github.com/frappe/erpnext/blob/b30aa5334bcea94dba74f5b866af13c43a861948/erpnext/accounts/doctype/supplier_group_item/supplier_group_item.json
Accounts,Supplier Item,1,0,0,1,,True,False,erpnext/accounts/doctype/supplier_item/supplier_item.json,b30aa5334bcea94dba74f5b866af13c43a861948,https://github.com/frappe/erpnext/blob/b30aa5334bcea94dba74f5b866af13c43a861948/erpnext/accounts/doctype/supplier_item/supplier_item.json
Accounts,Tax Category,0,0,0,2,Accounts Manager | Accounts User | Delivery Manager | Delivery User | Item Manager | Maintenance Manager | Maintenance User | Manufacturing Manager | Purchase Manager | Purchase Master Manager | Purchase User | Sales Manager | Sales Master Manager | Sales User | Stock Manager | Stock User | System Manager,True,True,erpnext/accounts/doctype/tax_category/tax_category.json,b30aa5334bcea94dba74f5b866af13c43a861948,https://github.com/frappe/erpnext/blob/b30aa5334bcea94dba74f5b866af13c43a861948/erpnext/accounts/doctype/tax_category/tax_category.json
Accounts,Tax Rule,0,0,0,32,Accounts Manager,True,True,erpnext/accounts/doctype/tax_rule/tax_rule.json,b30aa5334bcea94dba74f5b866af13c43a861948,https://github.com/frappe/erpnext/blob/b30aa5334bcea94dba74f5b866af13c43a861948/erpnext/accounts/doctype/tax_rule/tax_rule.json
Accounts,Tax Withholding Account,1,0,0,2,,True,False,erpnext/accounts/doctype/tax_withholding_account/tax_withholding_account.json,b30aa5334bcea94dba74f5b866af13c43a861948,https://github.com/frappe/erpnext/blob/b30aa5334bcea94dba74f5b866af13c43a861948/erpnext/accounts/doctype/tax_withholding_account/tax_withholding_account.json
Accounts,Tax Withholding Category,0,0,0,12,Accounts Manager | Accounts User | Item Manager | Purchase Manager | Purchase Master Manager | Sales Master Manager | Sales User | System Manager,True,True,erpnext/accounts/doctype/tax_withholding_category/tax_withholding_category.json,b30aa5334bcea94dba74f5b866af13c43a861948,https://github.com/frappe/erpnext/blob/b30aa5334bcea94dba74f5b866af13c43a861948/erpnext/accounts/doctype/tax_withholding_category/tax_withholding_category.json
Accounts,Tax Withholding Entry,1,0,0,29,,True,True,erpnext/accounts/doctype/tax_withholding_entry/tax_withholding_entry.json,b30aa5334bcea94dba74f5b866af13c43a861948,https://github.com/frappe/erpnext/blob/b30aa5334bcea94dba74f5b866af13c43a861948/erpnext/accounts/doctype/tax_withholding_entry/tax_withholding_entry.json
Accounts,Tax Withholding Group,0,0,0,1,Accounts Manager | Accounts User | Purchase Manager | Purchase Master Manager | Sales Master Manager | Sales User | System Manager,True,True,erpnext/accounts/doctype/tax_withholding_group/tax_withholding_group.json,b30aa5334bcea94dba74f5b866af13c43a861948,https://github.com/frappe/erpnext/blob/b30aa5334bcea94dba74f5b866af13c43a861948/erpnext/accounts/doctype/tax_withholding_group/tax_withholding_group.json
Accounts,Tax Withholding Rate,1,0,0,7,,True,False,erpnext/accounts/doctype/tax_withholding_rate/tax_withholding_rate.json,b30aa5334bcea94dba74f5b866af13c43a861948,https://github.com/frappe/erpnext/blob/b30aa5334bcea94dba74f5b866af13c43a861948/erpnext/accounts/doctype/tax_withholding_rate/tax_withholding_rate.json
Accounts,Territory Item,1,0,0,1,,True,False,erpnext/accounts/doctype/territory_item/territory_item.json,b30aa5334bcea94dba74f5b866af13c43a861948,https://github.com/frappe/erpnext/blob/b30aa5334bcea94dba74f5b866af13c43a861948/erpnext/accounts/doctype/territory_item/territory_item.json
Accounts,Transaction Deletion Record Details,1,0,0,4,,True,False,erpnext/accounts/doctype/transaction_deletion_record_details/transaction_deletion_record_details.json,b30aa5334bcea94dba74f5b866af13c43a861948,https://github.com/frappe/erpnext/blob/b30aa5334bcea94dba74f5b866af13c43a861948/erpnext/accounts/doctype/transaction_deletion_record_details/transaction_deletion_record_details.json
Accounts,Unreconcile Payment,0,0,1,6,Accounts Manager | Accounts User,True,True,erpnext/accounts/doctype/unreconcile_payment/unreconcile_payment.json,b30aa5334bcea94dba74f5b866af13c43a861948,https://github.com/frappe/erpnext/blob/b30aa5334bcea94dba74f5b866af13c43a861948/erpnext/accounts/doctype/unreconcile_payment/unreconcile_payment.json
Accounts,Unreconcile Payment Entries,1,0,0,8,,True,False,erpnext/accounts/doctype/unreconcile_payment_entries/unreconcile_payment_entries.json,b30aa5334bcea94dba74f5b866af13c43a861948,https://github.com/frappe/erpnext/blob/b30aa5334bcea94dba74f5b866af13c43a861948/erpnext/accounts/doctype/unreconcile_payment_entries/unreconcile_payment_entries.json
Assets,Asset,0,0,1,76,Accounts Manager | Accounts User | Manufacturing Manager | Manufacturing User | Purchase Manager | Purchase User | Quality Manager | Stock Manager | Stock User | System Manager,True,True,erpnext/assets/doctype/asset/asset.json,b30aa5334bcea94dba74f5b866af13c43a861948,https://github.com/frappe/erpnext/blob/b30aa5334bcea94dba74f5b866af13c43a861948/erpnext/assets/doctype/asset/asset.json
Assets,Asset Activity,0,0,0,7,Accounts User | Quality Manager | System Manager,True,True,erpnext/assets/doctype/asset_activity/asset_activity.json,b30aa5334bcea94dba74f5b866af13c43a861948,https://github.com/frappe/erpnext/blob/b30aa5334bcea94dba74f5b866af13c43a861948/erpnext/assets/doctype/asset_activity/asset_activity.json
Assets,Asset Capitalization,0,0,1,39,Manufacturing Manager | Quality Manager,True,True,erpnext/assets/doctype/asset_capitalization/asset_capitalization.json,b30aa5334bcea94dba74f5b866af13c43a861948,https://github.com/frappe/erpnext/blob/b30aa5334bcea94dba74f5b866af13c43a861948/erpnext/assets/doctype/asset_capitalization/asset_capitalization.json
Assets,Asset Capitalization Asset Item,1,0,0,15,,True,False,erpnext/assets/doctype/asset_capitalization_asset_item/asset_capitalization_asset_item.json,b30aa5334bcea94dba74f5b866af13c43a861948,https://github.com/frappe/erpnext/blob/b30aa5334bcea94dba74f5b866af13c43a861948/erpnext/assets/doctype/asset_capitalization_asset_item/asset_capitalization_asset_item.json
Assets,Asset Capitalization Service Item,1,0,0,13,,True,False,erpnext/assets/doctype/asset_capitalization_service_item/asset_capitalization_service_item.json,b30aa5334bcea94dba74f5b866af13c43a861948,https://github.com/frappe/erpnext/blob/b30aa5334bcea94dba74f5b866af13c43a861948/erpnext/assets/doctype/asset_capitalization_service_item/asset_capitalization_service_item.json
Assets,Asset Capitalization Stock Item,1,0,0,23,,True,False,erpnext/assets/doctype/asset_capitalization_stock_item/asset_capitalization_stock_item.json,b30aa5334bcea94dba74f5b866af13c43a861948,https://github.com/frappe/erpnext/blob/b30aa5334bcea94dba74f5b866af13c43a861948/erpnext/assets/doctype/asset_capitalization_stock_item/asset_capitalization_stock_item.json
Assets,Asset Category,0,0,0,9,Accounts Manager | Accounts User | Item Manager | Quality Manager,True,True,erpnext/assets/doctype/asset_category/asset_category.json,b30aa5334bcea94dba74f5b866af13c43a861948,https://github.com/frappe/erpnext/blob/b30aa5334bcea94dba74f5b866af13c43a861948/erpnext/assets/doctype/asset_category/asset_category.json
Assets,Asset Category Account,1,0,0,5,,True,False,erpnext/assets/doctype/asset_category_account/asset_category_account.json,b30aa5334bcea94dba74f5b866af13c43a861948,https://github.com/frappe/erpnext/blob/b30aa5334bcea94dba74f5b866af13c43a861948/erpnext/assets/doctype/asset_category_account/asset_category_account.json
Assets,Asset Depreciation Schedule,0,0,1,25,Accounts User | Quality Manager,True,True,erpnext/assets/doctype/asset_depreciation_schedule/asset_depreciation_schedule.json,b30aa5334bcea94dba74f5b866af13c43a861948,https://github.com/frappe/erpnext/blob/b30aa5334bcea94dba74f5b866af13c43a861948/erpnext/assets/doctype/asset_depreciation_schedule/asset_depreciation_schedule.json
Assets,Asset Finance Book,1,0,0,16,,True,False,erpnext/assets/doctype/asset_finance_book/asset_finance_book.json,b30aa5334bcea94dba74f5b866af13c43a861948,https://github.com/frappe/erpnext/blob/b30aa5334bcea94dba74f5b866af13c43a861948/erpnext/assets/doctype/asset_finance_book/asset_finance_book.json
Assets,Asset Maintenance,0,0,0,13,Manufacturing User | Quality Manager,True,True,erpnext/assets/doctype/asset_maintenance/asset_maintenance.json,b30aa5334bcea94dba74f5b866af13c43a861948,https://github.com/frappe/erpnext/blob/b30aa5334bcea94dba74f5b866af13c43a861948/erpnext/assets/doctype/asset_maintenance/asset_maintenance.json
Assets,Asset Maintenance Log,0,0,1,23,Manufacturing User,True,True,erpnext/assets/doctype/asset_maintenance_log/asset_maintenance_log.json,b30aa5334bcea94dba74f5b866af13c43a861948,https://github.com/frappe/erpnext/blob/b30aa5334bcea94dba74f5b866af13c43a861948/erpnext/assets/doctype/asset_maintenance_log/asset_maintenance_log.json
Assets,Asset Maintenance Task,1,0,0,20,,True,False,erpnext/assets/doctype/asset_maintenance_task/asset_maintenance_task.json,b30aa5334bcea94dba74f5b866af13c43a861948,https://github.com/frappe/erpnext/blob/b30aa5334bcea94dba74f5b866af13c43a861948/erpnext/assets/doctype/asset_maintenance_task/asset_maintenance_task.json
Assets,Asset Maintenance Team,0,0,0,7,Manufacturing User | Quality Manager,True,True,erpnext/assets/doctype/asset_maintenance_team/asset_maintenance_team.json,b30aa5334bcea94dba74f5b866af13c43a861948,https://github.com/frappe/erpnext/blob/b30aa5334bcea94dba74f5b866af13c43a861948/erpnext/assets/doctype/asset_maintenance_team/asset_maintenance_team.json
Assets,Asset Movement,0,0,1,11,Accounts Manager | Stock Manager | System Manager,True,True,erpnext/assets/doctype/asset_movement/asset_movement.json,b30aa5334bcea94dba74f5b866af13c43a861948,https://github.com/frappe/erpnext/blob/b30aa5334bcea94dba74f5b866af13c43a861948/erpnext/assets/doctype/asset_movement/asset_movement.json
Assets,Asset Movement Item,1,0,0,8,,True,False,erpnext/assets/doctype/asset_movement_item/asset_movement_item.json,b30aa5334bcea94dba74f5b866af13c43a861948,https://github.com/frappe/erpnext/blob/b30aa5334bcea94dba74f5b866af13c43a861948/erpnext/assets/doctype/asset_movement_item/asset_movement_item.json
Assets,Asset Repair,0,0,1,37,Manufacturing Manager | Quality Manager,True,True,erpnext/assets/doctype/asset_repair/asset_repair.json,b30aa5334bcea94dba74f5b866af13c43a861948,https://github.com/frappe/erpnext/blob/b30aa5334bcea94dba74f5b866af13c43a861948/erpnext/assets/doctype/asset_repair/asset_repair.json
Assets,Asset Repair Consumed Item,1,0,0,9,,True,False,erpnext/assets/doctype/asset_repair_consumed_item/asset_repair_consumed_item.json,b30aa5334bcea94dba74f5b866af13c43a861948,https://github.com/frappe/erpnext/blob/b30aa5334bcea94dba74f5b866af13c43a861948/erpnext/assets/doctype/asset_repair_consumed_item/asset_repair_consumed_item.json
Assets,Asset Repair Purchase Invoice,1,0,0,3,,True,False,erpnext/assets/doctype/asset_repair_purchase_invoice/asset_repair_purchase_invoice.json,b30aa5334bcea94dba74f5b866af13c43a861948,https://github.com/frappe/erpnext/blob/b30aa5334bcea94dba74f5b866af13c43a861948/erpnext/assets/doctype/asset_repair_purchase_invoice/asset_repair_purchase_invoice.json
Assets,Asset Shift Allocation,0,0,1,9,Accounts User | System Manager,True,True,erpnext/assets/doctype/asset_shift_allocation/asset_shift_allocation.json,b30aa5334bcea94dba74f5b866af13c43a861948,https://github.com/frappe/erpnext/blob/b30aa5334bcea94dba74f5b866af13c43a861948/erpnext/assets/doctype/asset_shift_allocation/asset_shift_allocation.json
Assets,Asset Shift Factor,0,0,0,3,Accounts User | Quality Manager | System Manager,True,True,erpnext/assets/doctype/asset_shift_factor/asset_shift_factor.json,b30aa5334bcea94dba74f5b866af13c43a861948,https://github.com/frappe/erpnext/blob/b30aa5334bcea94dba74f5b866af13c43a861948/erpnext/assets/doctype/asset_shift_factor/asset_shift_factor.json
Assets,Asset Value Adjustment,0,0,1,17,Accounts Manager | Accounts User | System Manager,True,True,erpnext/assets/doctype/asset_value_adjustment/asset_value_adjustment.json,b30aa5334bcea94dba74f5b866af13c43a861948,https://github.com/frappe/erpnext/blob/b30aa5334bcea94dba74f5b866af13c43a861948/erpnext/assets/doctype/asset_value_adjustment/asset_value_adjustment.json
Assets,Depreciation Schedule,1,0,0,7,,True,False,erpnext/assets/doctype/depreciation_schedule/depreciation_schedule.json,b30aa5334bcea94dba74f5b866af13c43a861948,https://github.com/frappe/erpnext/blob/b30aa5334bcea94dba74f5b866af13c43a861948/erpnext/assets/doctype/depreciation_schedule/depreciation_schedule.json
Assets,Linked Location,1,0,0,1,,True,False,erpnext/assets/doctype/linked_location/linked_location.json,b30aa5334bcea94dba74f5b866af13c43a861948,https://github.com/frappe/erpnext/blob/b30aa5334bcea94dba74f5b866af13c43a861948/erpnext/assets/doctype/linked_location/linked_location.json
Assets,Location,0,0,0,17,Accounts User | Quality Manager | Stock Manager | Stock User | System Manager,True,True,erpnext/assets/doctype/location/location.json,b30aa5334bcea94dba74f5b866af13c43a861948,https://github.com/frappe/erpnext/blob/b30aa5334bcea94dba74f5b866af13c43a861948/erpnext/assets/doctype/location/location.json
Assets,Maintenance Team Member,1,0,0,3,,True,True,erpnext/assets/doctype/maintenance_team_member/maintenance_team_member.json,b30aa5334bcea94dba74f5b866af13c43a861948,https://github.com/frappe/erpnext/blob/b30aa5334bcea94dba74f5b866af13c43a861948/erpnext/assets/doctype/maintenance_team_member/maintenance_team_member.json
Bulk Transaction,Bulk Transaction Log,0,0,0,7,System Manager,True,True,erpnext/bulk_transaction/doctype/bulk_transaction_log/bulk_transaction_log.json,b30aa5334bcea94dba74f5b866af13c43a861948,https://github.com/frappe/erpnext/blob/b30aa5334bcea94dba74f5b866af13c43a861948/erpnext/bulk_transaction/doctype/bulk_transaction_log/bulk_transaction_log.json
Bulk Transaction,Bulk Transaction Log Detail,0,0,0,8,System Manager,True,True,erpnext/bulk_transaction/doctype/bulk_transaction_log_detail/bulk_transaction_log_detail.json,b30aa5334bcea94dba74f5b866af13c43a861948,https://github.com/frappe/erpnext/blob/b30aa5334bcea94dba74f5b866af13c43a861948/erpnext/bulk_transaction/doctype/bulk_transaction_log_detail/bulk_transaction_log_detail.json
Buying,Buying Settings,0,1,0,47,Accounts Manager | Accounts User | Purchase Manager | Purchase User | Stock Manager | Stock User | System Manager,True,True,erpnext/buying/doctype/buying_settings/buying_settings.json,b30aa5334bcea94dba74f5b866af13c43a861948,https://github.com/frappe/erpnext/blob/b30aa5334bcea94dba74f5b866af13c43a861948/erpnext/buying/doctype/buying_settings/buying_settings.json
Buying,Customer Number At Supplier,1,0,0,2,,True,False,erpnext/buying/doctype/customer_number_at_supplier/customer_number_at_supplier.json,b30aa5334bcea94dba74f5b866af13c43a861948,https://github.com/frappe/erpnext/blob/b30aa5334bcea94dba74f5b866af13c43a861948/erpnext/buying/doctype/customer_number_at_supplier/customer_number_at_supplier.json
Buying,Purchase Order,0,0,1,157,Purchase Manager | Purchase User | Stock User,True,True,erpnext/buying/doctype/purchase_order/purchase_order.json,b30aa5334bcea94dba74f5b866af13c43a861948,https://github.com/frappe/erpnext/blob/b30aa5334bcea94dba74f5b866af13c43a861948/erpnext/buying/doctype/purchase_order/purchase_order.json
Buying,Purchase Order Item,1,0,0,107,,True,False,erpnext/buying/doctype/purchase_order_item/purchase_order_item.json,b30aa5334bcea94dba74f5b866af13c43a861948,https://github.com/frappe/erpnext/blob/b30aa5334bcea94dba74f5b866af13c43a861948/erpnext/buying/doctype/purchase_order_item/purchase_order_item.json
Buying,Purchase Order Item Supplied,1,0,0,20,,True,False,erpnext/buying/doctype/purchase_order_item_supplied/purchase_order_item_supplied.json,b30aa5334bcea94dba74f5b866af13c43a861948,https://github.com/frappe/erpnext/blob/b30aa5334bcea94dba74f5b866af13c43a861948/erpnext/buying/doctype/purchase_order_item_supplied/purchase_order_item_supplied.json
Buying,Purchase Receipt Item Supplied,1,0,0,23,,True,False,erpnext/buying/doctype/purchase_receipt_item_supplied/purchase_receipt_item_supplied.json,b30aa5334bcea94dba74f5b866af13c43a861948,https://github.com/frappe/erpnext/blob/b30aa5334bcea94dba74f5b866af13c43a861948/erpnext/buying/doctype/purchase_receipt_item_supplied/purchase_receipt_item_supplied.json
Buying,Request for Quotation,0,0,1,42,All | Manufacturing Manager | Purchase Manager | Purchase User | Stock User,True,True,erpnext/buying/doctype/request_for_quotation/request_for_quotation.json,b30aa5334bcea94dba74f5b866af13c43a861948,https://github.com/frappe/erpnext/blob/b30aa5334bcea94dba74f5b866af13c43a861948/erpnext/buying/doctype/request_for_quotation/request_for_quotation.json
Buying,Request for Quotation Item,1,0,0,28,,True,False,erpnext/buying/doctype/request_for_quotation_item/request_for_quotation_item.json,b30aa5334bcea94dba74f5b866af13c43a861948,https://github.com/frappe/erpnext/blob/b30aa5334bcea94dba74f5b866af13c43a861948/erpnext/buying/doctype/request_for_quotation_item/request_for_quotation_item.json
Buying,Request for Quotation Supplier,1,0,0,8,,True,False,erpnext/buying/doctype/request_for_quotation_supplier/request_for_quotation_supplier.json,b30aa5334bcea94dba74f5b866af13c43a861948,https://github.com/frappe/erpnext/blob/b30aa5334bcea94dba74f5b866af13c43a861948/erpnext/buying/doctype/request_for_quotation_supplier/request_for_quotation_supplier.json
Buying,Supplier,0,0,0,72,Accounts Manager | Accounts User | Delivery Manager | Delivery User | Maintenance User | Purchase Manager | Purchase Master Manager | Purchase User | Quality Manager | Sales Master Manager | Stock Manager | Stock User | Website Manager,True,True,erpnext/buying/doctype/supplier/supplier.json,b30aa5334bcea94dba74f5b866af13c43a861948,https://github.com/frappe/erpnext/blob/b30aa5334bcea94dba74f5b866af13c43a861948/erpnext/buying/doctype/supplier/supplier.json
Buying,Supplier Quotation,0,0,1,111,Maintenance Manager | Maintenance User | Manufacturing Manager | Purchase Manager | Purchase User | Stock User,True,True,erpnext/buying/doctype/supplier_quotation/supplier_quotation.json,b30aa5334bcea94dba74f5b866af13c43a861948,https://github.com/frappe/erpnext/blob/b30aa5334bcea94dba74f5b866af13c43a861948/erpnext/buying/doctype/supplier_quotation/supplier_quotation.json
Buying,Supplier Quotation Item,1,0,0,71,,True,False,erpnext/buying/doctype/supplier_quotation_item/supplier_quotation_item.json,b30aa5334bcea94dba74f5b866af13c43a861948,https://github.com/frappe/erpnext/blob/b30aa5334bcea94dba74f5b866af13c43a861948/erpnext/buying/doctype/supplier_quotation_item/supplier_quotation_item.json
Buying,Supplier Scorecard,0,0,0,21,System Manager,True,True,erpnext/buying/doctype/supplier_scorecard/supplier_scorecard.json,b30aa5334bcea94dba74f5b866af13c43a861948,https://github.com/frappe/erpnext/blob/b30aa5334bcea94dba74f5b866af13c43a861948/erpnext/buying/doctype/supplier_scorecard/supplier_scorecard.json
Buying,Supplier Scorecard Criteria,0,0,0,4,System Manager,True,True,erpnext/buying/doctype/supplier_scorecard_criteria/supplier_scorecard_criteria.json,b30aa5334bcea94dba74f5b866af13c43a861948,https://github.com/frappe/erpnext/blob/b30aa5334bcea94dba74f5b866af13c43a861948/erpnext/buying/doctype/supplier_scorecard_criteria/supplier_scorecard_criteria.json
Buying,Supplier Scorecard Period,0,0,1,12,System Manager,True,True,erpnext/buying/doctype/supplier_scorecard_period/supplier_scorecard_period.json,b30aa5334bcea94dba74f5b866af13c43a861948,https://github.com/frappe/erpnext/blob/b30aa5334bcea94dba74f5b866af13c43a861948/erpnext/buying/doctype/supplier_scorecard_period/supplier_scorecard_period.json
Buying,Supplier Scorecard Scoring Criteria,1,0,0,7,,True,False,erpnext/buying/doctype/supplier_scorecard_scoring_criteria/supplier_scorecard_scoring_criteria.json,b30aa5334bcea94dba74f5b866af13c43a861948,https://github.com/frappe/erpnext/blob/b30aa5334bcea94dba74f5b866af13c43a861948/erpnext/buying/doctype/supplier_scorecard_scoring_criteria/supplier_scorecard_scoring_criteria.json
Buying,Supplier Scorecard Scoring Standing,1,0,0,15,,True,False,erpnext/buying/doctype/supplier_scorecard_scoring_standing/supplier_scorecard_scoring_standing.json,b30aa5334bcea94dba74f5b866af13c43a861948,https://github.com/frappe/erpnext/blob/b30aa5334bcea94dba74f5b866af13c43a861948/erpnext/buying/doctype/supplier_scorecard_scoring_standing/supplier_scorecard_scoring_standing.json
Buying,Supplier Scorecard Scoring Variable,1,0,0,5,,True,False,erpnext/buying/doctype/supplier_scorecard_scoring_variable/supplier_scorecard_scoring_variable.json,b30aa5334bcea94dba74f5b866af13c43a861948,https://github.com/frappe/erpnext/blob/b30aa5334bcea94dba74f5b866af13c43a861948/erpnext/buying/doctype/supplier_scorecard_scoring_variable/supplier_scorecard_scoring_variable.json
Buying,Supplier Scorecard Standing,0,0,0,12,System Manager,True,True,erpnext/buying/doctype/supplier_scorecard_standing/supplier_scorecard_standing.json,b30aa5334bcea94dba74f5b866af13c43a861948,https://github.com/frappe/erpnext/blob/b30aa5334bcea94dba74f5b866af13c43a861948/erpnext/buying/doctype/supplier_scorecard_standing/supplier_scorecard_standing.json
Buying,Supplier Scorecard Variable,0,0,0,6,System Manager,True,True,erpnext/buying/doctype/supplier_scorecard_variable/supplier_scorecard_variable.json,b30aa5334bcea94dba74f5b866af13c43a861948,https://github.com/frappe/erpnext/blob/b30aa5334bcea94dba74f5b866af13c43a861948/erpnext/buying/doctype/supplier_scorecard_variable/supplier_scorecard_variable.json
CRM,Appointment,0,0,0,18,Employee | Sales Manager | Sales User | System Manager,True,True,erpnext/crm/doctype/appointment/appointment.json,b30aa5334bcea94dba74f5b866af13c43a861948,https://github.com/frappe/erpnext/blob/b30aa5334bcea94dba74f5b866af13c43a861948/erpnext/crm/doctype/appointment/appointment.json
CRM,Appointment Booking Settings,0,1,0,20,HR Manager | Sales Manager | System Manager,True,True,erpnext/crm/doctype/appointment_booking_settings/appointment_booking_settings.json,b30aa5334bcea94dba74f5b866af13c43a861948,https://github.com/frappe/erpnext/blob/b30aa5334bcea94dba74f5b866af13c43a861948/erpnext/crm/doctype/appointment_booking_settings/appointment_booking_settings.json
CRM,Appointment Booking Slots,1,0,0,3,,True,False,erpnext/crm/doctype/appointment_booking_slots/appointment_booking_slots.json,b30aa5334bcea94dba74f5b866af13c43a861948,https://github.com/frappe/erpnext/blob/b30aa5334bcea94dba74f5b866af13c43a861948/erpnext/crm/doctype/appointment_booking_slots/appointment_booking_slots.json
CRM,Availability Of Slots,1,0,0,3,,True,False,erpnext/crm/doctype/availability_of_slots/availability_of_slots.json,b30aa5334bcea94dba74f5b866af13c43a861948,https://github.com/frappe/erpnext/blob/b30aa5334bcea94dba74f5b866af13c43a861948/erpnext/crm/doctype/availability_of_slots/availability_of_slots.json
CRM,CRM Note,1,0,0,3,,True,False,erpnext/crm/doctype/crm_note/crm_note.json,b30aa5334bcea94dba74f5b866af13c43a861948,https://github.com/frappe/erpnext/blob/b30aa5334bcea94dba74f5b866af13c43a861948/erpnext/crm/doctype/crm_note/crm_note.json
CRM,CRM Settings,0,1,0,19,Sales Manager | Sales Master Manager | System Manager,True,True,erpnext/crm/doctype/crm_settings/crm_settings.json,b30aa5334bcea94dba74f5b866af13c43a861948,https://github.com/frappe/erpnext/blob/b30aa5334bcea94dba74f5b866af13c43a861948/erpnext/crm/doctype/crm_settings/crm_settings.json
CRM,Campaign,0,0,0,7,Sales Manager | Sales Master Manager | Sales User,True,True,erpnext/crm/doctype/campaign/campaign.json,b30aa5334bcea94dba74f5b866af13c43a861948,https://github.com/frappe/erpnext/blob/b30aa5334bcea94dba74f5b866af13c43a861948/erpnext/crm/doctype/campaign/campaign.json
CRM,Campaign Email Schedule,1,0,0,2,,True,False,erpnext/crm/doctype/campaign_email_schedule/campaign_email_schedule.json,b30aa5334bcea94dba74f5b866af13c43a861948,https://github.com/frappe/erpnext/blob/b30aa5334bcea94dba74f5b866af13c43a861948/erpnext/crm/doctype/campaign_email_schedule/campaign_email_schedule.json
CRM,Competitor,0,0,0,2,Maintenance Manager | Maintenance User | Sales Manager | Sales Master Manager | Sales User,True,True,erpnext/crm/doctype/competitor/competitor.json,b30aa5334bcea94dba74f5b866af13c43a861948,https://github.com/frappe/erpnext/blob/b30aa5334bcea94dba74f5b866af13c43a861948/erpnext/crm/doctype/competitor/competitor.json
CRM,Competitor Detail,1,0,0,1,,True,False,erpnext/crm/doctype/competitor_detail/competitor_detail.json,b30aa5334bcea94dba74f5b866af13c43a861948,https://github.com/frappe/erpnext/blob/b30aa5334bcea94dba74f5b866af13c43a861948/erpnext/crm/doctype/competitor_detail/competitor_detail.json
CRM,Contract,0,0,1,32,HR Manager | Purchase Manager | Sales Manager | System Manager,True,True,erpnext/crm/doctype/contract/contract.json,b30aa5334bcea94dba74f5b866af13c43a861948,https://github.com/frappe/erpnext/blob/b30aa5334bcea94dba74f5b866af13c43a861948/erpnext/crm/doctype/contract/contract.json
CRM,Contract Fulfilment Checklist,1,0,1,6,,True,True,erpnext/crm/doctype/contract_fulfilment_checklist/contract_fulfilment_checklist.json,b30aa5334bcea94dba74f5b866af13c43a861948,https://github.com/frappe/erpnext/blob/b30aa5334bcea94dba74f5b866af13c43a861948/erpnext/crm/doctype/contract_fulfilment_checklist/contract_fulfilment_checklist.json
CRM,Contract Template,0,0,0,7,HR Manager | Purchase Manager | Sales Manager | System Manager,True,True,erpnext/crm/doctype/contract_template/contract_template.json,b30aa5334bcea94dba74f5b866af13c43a861948,https://github.com/frappe/erpnext/blob/b30aa5334bcea94dba74f5b866af13c43a861948/erpnext/crm/doctype/contract_template/contract_template.json
CRM,Contract Template Fulfilment Terms,1,0,0,1,,True,False,erpnext/crm/doctype/contract_template_fulfilment_terms/contract_template_fulfilment_terms.json,b30aa5334bcea94dba74f5b866af13c43a861948,https://github.com/frappe/erpnext/blob/b30aa5334bcea94dba74f5b866af13c43a861948/erpnext/crm/doctype/contract_template_fulfilment_terms/contract_template_fulfilment_terms.json
CRM,Email Campaign,0,0,0,8,System Manager,True,True,erpnext/crm/doctype/email_campaign/email_campaign.json,b30aa5334bcea94dba74f5b866af13c43a861948,https://github.com/frappe/erpnext/blob/b30aa5334bcea94dba74f5b866af13c43a861948/erpnext/crm/doctype/email_campaign/email_campaign.json
CRM,Frappe CRM Allowed User,1,0,0,1,,True,False,erpnext/crm/doctype/frappe_crm_allowed_user/frappe_crm_allowed_user.json,b30aa5334bcea94dba74f5b866af13c43a861948,https://github.com/frappe/erpnext/blob/b30aa5334bcea94dba74f5b866af13c43a861948/erpnext/crm/doctype/frappe_crm_allowed_user/frappe_crm_allowed_user.json
CRM,Lead,0,0,0,71,Desk User | Sales Manager | Sales User | Support Team | System Manager,True,True,erpnext/crm/doctype/lead/lead.json,b30aa5334bcea94dba74f5b866af13c43a861948,https://github.com/frappe/erpnext/blob/b30aa5334bcea94dba74f5b866af13c43a861948/erpnext/crm/doctype/lead/lead.json
CRM,Lost Reason Detail,1,0,0,1,,True,False,erpnext/crm/doctype/lost_reason_detail/lost_reason_detail.json,b30aa5334bcea94dba74f5b866af13c43a861948,https://github.com/frappe/erpnext/blob/b30aa5334bcea94dba74f5b866af13c43a861948/erpnext/crm/doctype/lost_reason_detail/lost_reason_detail.json
CRM,Market Segment,0,0,0,1,Sales Manager | Sales Master Manager,True,True,erpnext/crm/doctype/market_segment/market_segment.json,b30aa5334bcea94dba74f5b866af13c43a861948,https://github.com/frappe/erpnext/blob/b30aa5334bcea94dba74f5b866af13c43a861948/erpnext/crm/doctype/market_segment/market_segment.json
CRM,Opportunity,0,0,0,83,Sales Manager | Sales User,True,True,erpnext/crm/doctype/opportunity/opportunity.json,b30aa5334bcea94dba74f5b866af13c43a861948,https://github.com/frappe/erpnext/blob/b30aa5334bcea94dba74f5b866af13c43a861948/erpnext/crm/doctype/opportunity/opportunity.json
CRM,Opportunity Item,1,0,0,18,,True,False,erpnext/crm/doctype/opportunity_item/opportunity_item.json,b30aa5334bcea94dba74f5b866af13c43a861948,https://github.com/frappe/erpnext/blob/b30aa5334bcea94dba74f5b866af13c43a861948/erpnext/crm/doctype/opportunity_item/opportunity_item.json
CRM,Opportunity Lost Reason,0,0,0,1,Sales Manager | Sales Master Manager | Sales User | System Manager,True,False,erpnext/crm/doctype/opportunity_lost_reason/opportunity_lost_reason.json,b30aa5334bcea94dba74f5b866af13c43a861948,https://github.com/frappe/erpnext/blob/b30aa5334bcea94dba74f5b866af13c43a861948/erpnext/crm/doctype/opportunity_lost_reason/opportunity_lost_reason.json
CRM,Opportunity Lost Reason Detail,1,0,0,1,,True,False,erpnext/crm/doctype/opportunity_lost_reason_detail/opportunity_lost_reason_detail.json,b30aa5334bcea94dba74f5b866af13c43a861948,https://github.com/frappe/erpnext/blob/b30aa5334bcea94dba74f5b866af13c43a861948/erpnext/crm/doctype/opportunity_lost_reason_detail/opportunity_lost_reason_detail.json
CRM,Opportunity Type,0,0,0,1,Sales Manager | Sales User | System Manager,True,True,erpnext/crm/doctype/opportunity_type/opportunity_type.json,b30aa5334bcea94dba74f5b866af13c43a861948,https://github.com/frappe/erpnext/blob/b30aa5334bcea94dba74f5b866af13c43a861948/erpnext/crm/doctype/opportunity_type/opportunity_type.json
CRM,Prospect,0,0,0,31,Sales Manager | Sales User | System Manager,True,True,erpnext/crm/doctype/prospect/prospect.json,b30aa5334bcea94dba74f5b866af13c43a861948,https://github.com/frappe/erpnext/blob/b30aa5334bcea94dba74f5b866af13c43a861948/erpnext/crm/doctype/prospect/prospect.json
CRM,Prospect Lead,1,0,0,7,,True,False,erpnext/crm/doctype/prospect_lead/prospect_lead.json,b30aa5334bcea94dba74f5b866af13c43a861948,https://github.com/frappe/erpnext/blob/b30aa5334bcea94dba74f5b866af13c43a861948/erpnext/crm/doctype/prospect_lead/prospect_lead.json
CRM,Prospect Opportunity,1,0,0,9,,True,False,erpnext/crm/doctype/prospect_opportunity/prospect_opportunity.json,b30aa5334bcea94dba74f5b866af13c43a861948,https://github.com/frappe/erpnext/blob/b30aa5334bcea94dba74f5b866af13c43a861948/erpnext/crm/doctype/prospect_opportunity/prospect_opportunity.json
CRM,Sales Stage,0,0,0,1,Sales Manager,True,True,erpnext/crm/doctype/sales_stage/sales_stage.json,b30aa5334bcea94dba74f5b866af13c43a861948,https://github.com/frappe/erpnext/blob/b30aa5334bcea94dba74f5b866af13c43a861948/erpnext/crm/doctype/sales_stage/sales_stage.json
Communication,Communication Medium,0,0,0,8,System Manager,True,False,erpnext/communication/doctype/communication_medium/communication_medium.json,b30aa5334bcea94dba74f5b866af13c43a861948,https://github.com/frappe/erpnext/blob/b30aa5334bcea94dba74f5b866af13c43a861948/erpnext/communication/doctype/communication_medium/communication_medium.json
Communication,Communication Medium Timeslot,1,0,0,4,,True,False,erpnext/communication/doctype/communication_medium_timeslot/communication_medium_timeslot.json,b30aa5334bcea94dba74f5b866af13c43a861948,https://github.com/frappe/erpnext/blob/b30aa5334bcea94dba74f5b866af13c43a861948/erpnext/communication/doctype/communication_medium_timeslot/communication_medium_timeslot.json
EDI,Code List,0,0,0,10,System Manager,True,True,erpnext/edi/doctype/code_list/code_list.json,b30aa5334bcea94dba74f5b866af13c43a861948,https://github.com/frappe/erpnext/blob/b30aa5334bcea94dba74f5b866af13c43a861948/erpnext/edi/doctype/code_list/code_list.json
EDI,Common Code,0,0,0,9,System Manager,True,True,erpnext/edi/doctype/common_code/common_code.json,b30aa5334bcea94dba74f5b866af13c43a861948,https://github.com/frappe/erpnext/blob/b30aa5334bcea94dba74f5b866af13c43a861948/erpnext/edi/doctype/common_code/common_code.json
ERPNext Integrations,Plaid Settings,0,1,0,9,System Manager,True,True,erpnext/erpnext_integrations/doctype/plaid_settings/plaid_settings.json,b30aa5334bcea94dba74f5b866af13c43a861948,https://github.com/frappe/erpnext/blob/b30aa5334bcea94dba74f5b866af13c43a861948/erpnext/erpnext_integrations/doctype/plaid_settings/plaid_settings.json
Maintenance,Maintenance Schedule,0,0,1,24,Maintenance Manager,True,True,erpnext/maintenance/doctype/maintenance_schedule/maintenance_schedule.json,b30aa5334bcea94dba74f5b866af13c43a861948,https://github.com/frappe/erpnext/blob/b30aa5334bcea94dba74f5b866af13c43a861948/erpnext/maintenance/doctype/maintenance_schedule/maintenance_schedule.json
Maintenance,Maintenance Schedule Detail,1,0,0,12,,True,False,erpnext/maintenance/doctype/maintenance_schedule_detail/maintenance_schedule_detail.json,b30aa5334bcea94dba74f5b866af13c43a861948,https://github.com/frappe/erpnext/blob/b30aa5334bcea94dba74f5b866af13c43a861948/erpnext/maintenance/doctype/maintenance_schedule_detail/maintenance_schedule_detail.json
Maintenance,Maintenance Schedule Item,1,0,0,16,,True,False,erpnext/maintenance/doctype/maintenance_schedule_item/maintenance_schedule_item.json,b30aa5334bcea94dba74f5b866af13c43a861948,https://github.com/frappe/erpnext/blob/b30aa5334bcea94dba74f5b866af13c43a861948/erpnext/maintenance/doctype/maintenance_schedule_item/maintenance_schedule_item.json
Maintenance,Maintenance Visit,0,0,1,32,Maintenance User,True,True,erpnext/maintenance/doctype/maintenance_visit/maintenance_visit.json,b30aa5334bcea94dba74f5b866af13c43a861948,https://github.com/frappe/erpnext/blob/b30aa5334bcea94dba74f5b866af13c43a861948/erpnext/maintenance/doctype/maintenance_visit/maintenance_visit.json
Maintenance,Maintenance Visit Purpose,1,0,0,12,,True,False,erpnext/maintenance/doctype/maintenance_visit_purpose/maintenance_visit_purpose.json,b30aa5334bcea94dba74f5b866af13c43a861948,https://github.com/frappe/erpnext/blob/b30aa5334bcea94dba74f5b866af13c43a861948/erpnext/maintenance/doctype/maintenance_visit_purpose/maintenance_visit_purpose.json
Manufacturing,BOM,0,0,1,94,Maintenance User | Manufacturing Manager | Manufacturing User | Purchase Manager | Purchase User | Sales Manager | Sales User | Stock Manager | Stock User,True,True,erpnext/manufacturing/doctype/bom/bom.json,b30aa5334bcea94dba74f5b866af13c43a861948,https://github.com/frappe/erpnext/blob/b30aa5334bcea94dba74f5b866af13c43a861948/erpnext/manufacturing/doctype/bom/bom.json
Manufacturing,BOM Creator,0,0,1,40,Manufacturing Manager | Manufacturing User,True,True,erpnext/manufacturing/doctype/bom_creator/bom_creator.json,b30aa5334bcea94dba74f5b866af13c43a861948,https://github.com/frappe/erpnext/blob/b30aa5334bcea94dba74f5b866af13c43a861948/erpnext/manufacturing/doctype/bom_creator/bom_creator.json
Manufacturing,BOM Creator Item,1,0,0,34,,True,False,erpnext/manufacturing/doctype/bom_creator_item/bom_creator_item.json,b30aa5334bcea94dba74f5b866af13c43a861948,https://github.com/frappe/erpnext/blob/b30aa5334bcea94dba74f5b866af13c43a861948/erpnext/manufacturing/doctype/bom_creator_item/bom_creator_item.json
Manufacturing,BOM Explosion Item,1,0,0,20,,True,False,erpnext/manufacturing/doctype/bom_explosion_item/bom_explosion_item.json,b30aa5334bcea94dba74f5b866af13c43a861948,https://github.com/frappe/erpnext/blob/b30aa5334bcea94dba74f5b866af13c43a861948/erpnext/manufacturing/doctype/bom_explosion_item/bom_explosion_item.json
Manufacturing,BOM Item,1,0,0,38,,True,False,erpnext/manufacturing/doctype/bom_item/bom_item.json,b30aa5334bcea94dba74f5b866af13c43a861948,https://github.com/frappe/erpnext/blob/b30aa5334bcea94dba74f5b866af13c43a861948/erpnext/manufacturing/doctype/bom_item/bom_item.json
Manufacturing,BOM Operation,1,0,0,35,,True,False,erpnext/manufacturing/doctype/bom_operation/bom_operation.json,b30aa5334bcea94dba74f5b866af13c43a861948,https://github.com/frappe/erpnext/blob/b30aa5334bcea94dba74f5b866af13c43a861948/erpnext/manufacturing/doctype/bom_operation/bom_operation.json
Manufacturing,BOM Secondary Item,1,0,0,23,,True,False,erpnext/manufacturing/doctype/bom_secondary_item/bom_secondary_item.json,b30aa5334bcea94dba74f5b866af13c43a861948,https://github.com/frappe/erpnext/blob/b30aa5334bcea94dba74f5b866af13c43a861948/erpnext/manufacturing/doctype/bom_secondary_item/bom_secondary_item.json
Manufacturing,BOM Update Batch,1,0,0,4,,True,False,erpnext/manufacturing/doctype/bom_update_batch/bom_update_batch.json,b30aa5334bcea94dba74f5b866af13c43a861948,https://github.com/frappe/erpnext/blob/b30aa5334bcea94dba74f5b866af13c43a861948/erpnext/manufacturing/doctype/bom_update_batch/bom_update_batch.json
Manufacturing,BOM Update Log,0,0,1,11,Manufacturing Manager | System Manager,True,True,erpnext/manufacturing/doctype/bom_update_log/bom_update_log.json,b30aa5334bcea94dba74f5b866af13c43a861948,https://github.com/frappe/erpnext/blob/b30aa5334bcea94dba74f5b866af13c43a861948/erpnext/manufacturing/doctype/bom_update_log/bom_update_log.json
Manufacturing,BOM Update Tool,0,1,0,6,Manufacturing Manager,True,True,erpnext/manufacturing/doctype/bom_update_tool/bom_update_tool.json,b30aa5334bcea94dba74f5b866af13c43a861948,https://github.com/frappe/erpnext/blob/b30aa5334bcea94dba74f5b866af13c43a861948/erpnext/manufacturing/doctype/bom_update_tool/bom_update_tool.json
Manufacturing,BOM Website Item,1,0,0,5,,True,False,erpnext/manufacturing/doctype/bom_website_item/bom_website_item.json,b30aa5334bcea94dba74f5b866af13c43a861948,https://github.com/frappe/erpnext/blob/b30aa5334bcea94dba74f5b866af13c43a861948/erpnext/manufacturing/doctype/bom_website_item/bom_website_item.json
Manufacturing,BOM Website Operation,1,0,0,5,,True,False,erpnext/manufacturing/doctype/bom_website_operation/bom_website_operation.json,b30aa5334bcea94dba74f5b866af13c43a861948,https://github.com/frappe/erpnext/blob/b30aa5334bcea94dba74f5b866af13c43a861948/erpnext/manufacturing/doctype/bom_website_operation/bom_website_operation.json
Manufacturing,Blanket Order,0,0,1,26,Maintenance Manager | Maintenance User | Purchase Manager | Purchase User | Sales Manager | Sales User | System Manager,True,True,erpnext/manufacturing/doctype/blanket_order/blanket_order.json,b30aa5334bcea94dba74f5b866af13c43a861948,https://github.com/frappe/erpnext/blob/b30aa5334bcea94dba74f5b866af13c43a861948/erpnext/manufacturing/doctype/blanket_order/blanket_order.json
Manufacturing,Blanket Order Item,1,0,0,12,,True,False,erpnext/manufacturing/doctype/blanket_order_item/blanket_order_item.json,b30aa5334bcea94dba74f5b866af13c43a861948,https://github.com/frappe/erpnext/blob/b30aa5334bcea94dba74f5b866af13c43a861948/erpnext/manufacturing/doctype/blanket_order_item/blanket_order_item.json
Manufacturing,Downtime Entry,0,0,0,11,Manufacturing Manager | Manufacturing User | System Manager,True,True,erpnext/manufacturing/doctype/downtime_entry/downtime_entry.json,b30aa5334bcea94dba74f5b866af13c43a861948,https://github.com/frappe/erpnext/blob/b30aa5334bcea94dba74f5b866af13c43a861948/erpnext/manufacturing/doctype/downtime_entry/downtime_entry.json
Manufacturing,Job Card,0,0,1,96,Manufacturing Manager | Manufacturing User | System Manager,True,True,erpnext/manufacturing/doctype/job_card/job_card.json,b30aa5334bcea94dba74f5b866af13c43a861948,https://github.com/frappe/erpnext/blob/b30aa5334bcea94dba74f5b866af13c43a861948/erpnext/manufacturing/doctype/job_card/job_card.json
Manufacturing,Job Card Item,1,0,0,14,,True,False,erpnext/manufacturing/doctype/job_card_item/job_card_item.json,b30aa5334bcea94dba74f5b866af13c43a861948,https://github.com/frappe/erpnext/blob/b30aa5334bcea94dba74f5b866af13c43a861948/erpnext/manufacturing/doctype/job_card_item/job_card_item.json
Manufacturing,Job Card Operation,1,0,0,4,,True,False,erpnext/manufacturing/doctype/job_card_operation/job_card_operation.json,b30aa5334bcea94dba74f5b866af13c43a861948,https://github.com/frappe/erpnext/blob/b30aa5334bcea94dba74f5b866af13c43a861948/erpnext/manufacturing/doctype/job_card_operation/job_card_operation.json
Manufacturing,Job Card Scheduled Time,1,0,0,3,,True,False,erpnext/manufacturing/doctype/job_card_scheduled_time/job_card_scheduled_time.json,b30aa5334bcea94dba74f5b866af13c43a861948,https://github.com/frappe/erpnext/blob/b30aa5334bcea94dba74f5b866af13c43a861948/erpnext/manufacturing/doctype/job_card_scheduled_time/job_card_scheduled_time.json
Manufacturing,Job Card Secondary Item,1,0,0,10,,True,False,erpnext/manufacturing/doctype/job_card_secondary_item/job_card_secondary_item.json,b30aa5334bcea94dba74f5b866af13c43a861948,https://github.com/frappe/erpnext/blob/b30aa5334bcea94dba74f5b866af13c43a861948/erpnext/manufacturing/doctype/job_card_secondary_item/job_card_secondary_item.json
Manufacturing,Job Card Time Log,1,0,0,7,,True,False,erpnext/manufacturing/doctype/job_card_time_log/job_card_time_log.json,b30aa5334bcea94dba74f5b866af13c43a861948,https://github.com/frappe/erpnext/blob/b30aa5334bcea94dba74f5b866af13c43a861948/erpnext/manufacturing/doctype/job_card_time_log/job_card_time_log.json
Manufacturing,Manufacturing Settings,0,1,0,34,Manufacturing Manager,True,True,erpnext/manufacturing/doctype/manufacturing_settings/manufacturing_settings.json,b30aa5334bcea94dba74f5b866af13c43a861948,https://github.com/frappe/erpnext/blob/b30aa5334bcea94dba74f5b866af13c43a861948/erpnext/manufacturing/doctype/manufacturing_settings/manufacturing_settings.json
Manufacturing,Master Production Schedule,0,0,0,27,Manufacturing Manager | Manufacturing User | Stock Manager | Stock User | System Manager,True,True,erpnext/manufacturing/doctype/master_production_schedule/master_production_schedule.json,b30aa5334bcea94dba74f5b866af13c43a861948,https://github.com/frappe/erpnext/blob/b30aa5334bcea94dba74f5b866af13c43a861948/erpnext/manufacturing/doctype/master_production_schedule/master_production_schedule.json
Manufacturing,Master Production Schedule Item,1,0,0,9,,True,False,erpnext/manufacturing/doctype/master_production_schedule_item/master_production_schedule_item.json,b30aa5334bcea94dba74f5b866af13c43a861948,https://github.com/frappe/erpnext/blob/b30aa5334bcea94dba74f5b866af13c43a861948/erpnext/manufacturing/doctype/master_production_schedule_item/master_production_schedule_item.json
Manufacturing,Material Request Plan Item,1,0,0,32,,True,True,erpnext/manufacturing/doctype/material_request_plan_item/material_request_plan_item.json,b30aa5334bcea94dba74f5b866af13c43a861948,https://github.com/frappe/erpnext/blob/b30aa5334bcea94dba74f5b866af13c43a861948/erpnext/manufacturing/doctype/material_request_plan_item/material_request_plan_item.json
Manufacturing,Operation,0,0,0,13,Manufacturing Manager | Manufacturing User,True,True,erpnext/manufacturing/doctype/operation/operation.json,b30aa5334bcea94dba74f5b866af13c43a861948,https://github.com/frappe/erpnext/blob/b30aa5334bcea94dba74f5b866af13c43a861948/erpnext/manufacturing/doctype/operation/operation.json
Manufacturing,Plant Floor,0,0,0,9,Manufacturing User | System Manager,True,True,erpnext/manufacturing/doctype/plant_floor/plant_floor.json,b30aa5334bcea94dba74f5b866af13c43a861948,https://github.com/frappe/erpnext/blob/b30aa5334bcea94dba74f5b866af13c43a861948/erpnext/manufacturing/doctype/plant_floor/plant_floor.json
Manufacturing,Production Plan,0,0,1,58,Manufacturing User,True,True,erpnext/manufacturing/doctype/production_plan/production_plan.json,b30aa5334bcea94dba74f5b866af13c43a861948,https://github.com/frappe/erpnext/blob/b30aa5334bcea94dba74f5b866af13c43a861948/erpnext/manufacturing/doctype/production_plan/production_plan.json
Manufacturing,Production Plan Item,1,0,0,23,,True,False,erpnext/manufacturing/doctype/production_plan_item/production_plan_item.json,b30aa5334bcea94dba74f5b866af13c43a861948,https://github.com/frappe/erpnext/blob/b30aa5334bcea94dba74f5b866af13c43a861948/erpnext/manufacturing/doctype/production_plan_item/production_plan_item.json
Manufacturing,Production Plan Item Reference,1,0,0,4,,True,False,erpnext/manufacturing/doctype/production_plan_item_reference/production_plan_item_reference.json,b30aa5334bcea94dba74f5b866af13c43a861948,https://github.com/frappe/erpnext/blob/b30aa5334bcea94dba74f5b866af13c43a861948/erpnext/manufacturing/doctype/production_plan_item_reference/production_plan_item_reference.json
Manufacturing,Production Plan Material Request,1,0,0,3,,True,False,erpnext/manufacturing/doctype/production_plan_material_request/production_plan_material_request.json,b30aa5334bcea94dba74f5b866af13c43a861948,https://github.com/frappe/erpnext/blob/b30aa5334bcea94dba74f5b866af13c43a861948/erpnext/manufacturing/doctype/production_plan_material_request/production_plan_material_request.json
Manufacturing,Production Plan Material Request Warehouse,1,0,0,1,,True,True,erpnext/manufacturing/doctype/production_plan_material_request_warehouse/production_plan_material_request_warehouse.json,b30aa5334bcea94dba74f5b866af13c43a861948,https://github.com/frappe/erpnext/blob/b30aa5334bcea94dba74f5b866af13c43a861948/erpnext/manufacturing/doctype/production_plan_material_request_warehouse/production_plan_material_request_warehouse.json
Manufacturing,Production Plan Sales Order,1,0,0,6,,True,False,erpnext/manufacturing/doctype/production_plan_sales_order/production_plan_sales_order.json,b30aa5334bcea94dba74f5b866af13c43a861948,https://github.com/frappe/erpnext/blob/b30aa5334bcea94dba74f5b866af13c43a861948/erpnext/manufacturing/doctype/production_plan_sales_order/production_plan_sales_order.json
Manufacturing,Production Plan Sub Assembly Item,1,0,0,34,,True,False,erpnext/manufacturing/doctype/production_plan_sub_assembly_item/production_plan_sub_assembly_item.json,b30aa5334bcea94dba74f5b866af13c43a861948,https://github.com/frappe/erpnext/blob/b30aa5334bcea94dba74f5b866af13c43a861948/erpnext/manufacturing/doctype/production_plan_sub_assembly_item/production_plan_sub_assembly_item.json
Manufacturing,Routing,0,0,0,3,Manufacturing Manager | Manufacturing User,True,True,erpnext/manufacturing/doctype/routing/routing.json,b30aa5334bcea94dba74f5b866af13c43a861948,https://github.com/frappe/erpnext/blob/b30aa5334bcea94dba74f5b866af13c43a861948/erpnext/manufacturing/doctype/routing/routing.json
Manufacturing,Sales Forecast,0,0,1,20,Manufacturing Manager | Manufacturing User | Sales Manager | Sales User | Stock Manager | System Manager,True,True,erpnext/manufacturing/doctype/sales_forecast/sales_forecast.json,b30aa5334bcea94dba74f5b866af13c43a861948,https://github.com/frappe/erpnext/blob/b30aa5334bcea94dba74f5b866af13c43a861948/erpnext/manufacturing/doctype/sales_forecast/sales_forecast.json
Manufacturing,Sales Forecast Item,1,0,0,6,,True,False,erpnext/manufacturing/doctype/sales_forecast_item/sales_forecast_item.json,b30aa5334bcea94dba74f5b866af13c43a861948,https://github.com/frappe/erpnext/blob/b30aa5334bcea94dba74f5b866af13c43a861948/erpnext/manufacturing/doctype/sales_forecast_item/sales_forecast_item.json
Manufacturing,Sub Operation,1,0,0,4,,True,True,erpnext/manufacturing/doctype/sub_operation/sub_operation.json,b30aa5334bcea94dba74f5b866af13c43a861948,https://github.com/frappe/erpnext/blob/b30aa5334bcea94dba74f5b866af13c43a861948/erpnext/manufacturing/doctype/sub_operation/sub_operation.json
Manufacturing,Work Order,0,0,1,86,Manufacturing User | Stock User,True,True,erpnext/manufacturing/doctype/work_order/work_order.json,b30aa5334bcea94dba74f5b866af13c43a861948,https://github.com/frappe/erpnext/blob/b30aa5334bcea94dba74f5b866af13c43a861948/erpnext/manufacturing/doctype/work_order/work_order.json
Manufacturing,Work Order Additional Item,1,0,0,7,,True,False,erpnext/manufacturing/doctype/work_order_additional_item/work_order_additional_item.json,b30aa5334bcea94dba74f5b866af13c43a861948,https://github.com/frappe/erpnext/blob/b30aa5334bcea94dba74f5b866af13c43a861948/erpnext/manufacturing/doctype/work_order_additional_item/work_order_additional_item.json
Manufacturing,Work Order Item,1,0,0,26,,True,False,erpnext/manufacturing/doctype/work_order_item/work_order_item.json,b30aa5334bcea94dba74f5b866af13c43a861948,https://github.com/frappe/erpnext/blob/b30aa5334bcea94dba74f5b866af13c43a861948/erpnext/manufacturing/doctype/work_order_item/work_order_item.json
Manufacturing,Work Order Operation,1,0,0,38,,True,False,erpnext/manufacturing/doctype/work_order_operation/work_order_operation.json,b30aa5334bcea94dba74f5b866af13c43a861948,https://github.com/frappe/erpnext/blob/b30aa5334bcea94dba74f5b866af13c43a861948/erpnext/manufacturing/doctype/work_order_operation/work_order_operation.json
Manufacturing,Workstation,0,0,0,30,Manufacturing User,True,True,erpnext/manufacturing/doctype/workstation/workstation.json,b30aa5334bcea94dba74f5b866af13c43a861948,https://github.com/frappe/erpnext/blob/b30aa5334bcea94dba74f5b866af13c43a861948/erpnext/manufacturing/doctype/workstation/workstation.json
Manufacturing,Workstation Cost,1,0,0,2,,True,True,erpnext/manufacturing/doctype/workstation_cost/workstation_cost.json,b30aa5334bcea94dba74f5b866af13c43a861948,https://github.com/frappe/erpnext/blob/b30aa5334bcea94dba74f5b866af13c43a861948/erpnext/manufacturing/doctype/workstation_cost/workstation_cost.json
Manufacturing,Workstation Operating Component,0,0,0,3,Manufacturing Manager | Manufacturing User | System Manager,True,True,erpnext/manufacturing/doctype/workstation_operating_component/workstation_operating_component.json,b30aa5334bcea94dba74f5b866af13c43a861948,https://github.com/frappe/erpnext/blob/b30aa5334bcea94dba74f5b866af13c43a861948/erpnext/manufacturing/doctype/workstation_operating_component/workstation_operating_component.json
Manufacturing,Workstation Operating Component Account,1,0,0,2,,True,True,erpnext/manufacturing/doctype/workstation_operating_component_account/workstation_operating_component_account.json,b30aa5334bcea94dba74f5b866af13c43a861948,https://github.com/frappe/erpnext/blob/b30aa5334bcea94dba74f5b866af13c43a861948/erpnext/manufacturing/doctype/workstation_operating_component_account/workstation_operating_component_account.json
Manufacturing,Workstation Type,0,0,0,7,Manufacturing User,True,True,erpnext/manufacturing/doctype/workstation_type/workstation_type.json,b30aa5334bcea94dba74f5b866af13c43a861948,https://github.com/frappe/erpnext/blob/b30aa5334bcea94dba74f5b866af13c43a861948/erpnext/manufacturing/doctype/workstation_type/workstation_type.json
Manufacturing,Workstation Working Hour,1,0,0,5,,True,False,erpnext/manufacturing/doctype/workstation_working_hour/workstation_working_hour.json,b30aa5334bcea94dba74f5b866af13c43a861948,https://github.com/frappe/erpnext/blob/b30aa5334bcea94dba74f5b866af13c43a861948/erpnext/manufacturing/doctype/workstation_working_hour/workstation_working_hour.json
Portal,Website Attribute,1,0,0,1,,True,False,erpnext/portal/doctype/website_attribute/website_attribute.json,b30aa5334bcea94dba74f5b866af13c43a861948,https://github.com/frappe/erpnext/blob/b30aa5334bcea94dba74f5b866af13c43a861948/erpnext/portal/doctype/website_attribute/website_attribute.json
Portal,Website Filter Field,1,0,0,1,,True,False,erpnext/portal/doctype/website_filter_field/website_filter_field.json,b30aa5334bcea94dba74f5b866af13c43a861948,https://github.com/frappe/erpnext/blob/b30aa5334bcea94dba74f5b866af13c43a861948/erpnext/portal/doctype/website_filter_field/website_filter_field.json
Projects,Activity Cost,0,0,0,10,Projects User,True,True,erpnext/projects/doctype/activity_cost/activity_cost.json,b30aa5334bcea94dba74f5b866af13c43a861948,https://github.com/frappe/erpnext/blob/b30aa5334bcea94dba74f5b866af13c43a861948/erpnext/projects/doctype/activity_cost/activity_cost.json
Projects,Activity Type,0,0,0,5,Accounts User | Employee | HR Manager | HR User | Manufacturing User | Projects User | System Manager,True,True,erpnext/projects/doctype/activity_type/activity_type.json,b30aa5334bcea94dba74f5b866af13c43a861948,https://github.com/frappe/erpnext/blob/b30aa5334bcea94dba74f5b866af13c43a861948/erpnext/projects/doctype/activity_type/activity_type.json
Projects,Dependent Task,1,0,0,1,,True,False,erpnext/projects/doctype/dependent_task/dependent_task.json,b30aa5334bcea94dba74f5b866af13c43a861948,https://github.com/frappe/erpnext/blob/b30aa5334bcea94dba74f5b866af13c43a861948/erpnext/projects/doctype/dependent_task/dependent_task.json
Projects,Project,0,0,0,59,Accounts Manager | Accounts User | Delivery Manager | Delivery User | Desk User | Employee | HR Manager | HR User | Maintenance Manager | Maintenance User | Manufacturing Manager | Manufacturing User | Projects Manager | Projects User | Purchase Manager | Purchase Master Manager | Purchase User | Quality Manager | Sales Manager | Sales Master Manager | Sales User | Stock Manager | Stock User | Support Team,True,True,erpnext/projects/doctype/project/project.json,b30aa5334bcea94dba74f5b866af13c43a861948,https://github.com/frappe/erpnext/blob/b30aa5334bcea94dba74f5b866af13c43a861948/erpnext/projects/doctype/project/project.json
Projects,Project Template,0,0,0,3,Projects Manager | Projects User | System Manager,True,True,erpnext/projects/doctype/project_template/project_template.json,b30aa5334bcea94dba74f5b866af13c43a861948,https://github.com/frappe/erpnext/blob/b30aa5334bcea94dba74f5b866af13c43a861948/erpnext/projects/doctype/project_template/project_template.json
Projects,Project Template Task,1,0,0,2,,True,False,erpnext/projects/doctype/project_template_task/project_template_task.json,b30aa5334bcea94dba74f5b866af13c43a861948,https://github.com/frappe/erpnext/blob/b30aa5334bcea94dba74f5b866af13c43a861948/erpnext/projects/doctype/project_template_task/project_template_task.json
Projects,Project Type,0,0,0,2,Projects Manager | Projects User | System Manager,True,True,erpnext/projects/doctype/project_type/project_type.json,b30aa5334bcea94dba74f5b866af13c43a861948,https://github.com/frappe/erpnext/blob/b30aa5334bcea94dba74f5b866af13c43a861948/erpnext/projects/doctype/project_type/project_type.json
Projects,Project Update,0,0,1,9,Projects User,True,True,erpnext/projects/doctype/project_update/project_update.json,b30aa5334bcea94dba74f5b866af13c43a861948,https://github.com/frappe/erpnext/blob/b30aa5334bcea94dba74f5b866af13c43a861948/erpnext/projects/doctype/project_update/project_update.json
Projects,Project User,1,0,0,10,,True,False,erpnext/projects/doctype/project_user/project_user.json,b30aa5334bcea94dba74f5b866af13c43a861948,https://github.com/frappe/erpnext/blob/b30aa5334bcea94dba74f5b866af13c43a861948/erpnext/projects/doctype/project_user/project_user.json
Projects,Projects Settings,0,1,0,5,System Manager,True,True,erpnext/projects/doctype/projects_settings/projects_settings.json,b30aa5334bcea94dba74f5b866af13c43a861948,https://github.com/frappe/erpnext/blob/b30aa5334bcea94dba74f5b866af13c43a861948/erpnext/projects/doctype/projects_settings/projects_settings.json
Projects,Task,0,0,0,51,Accounts User | Employee | HR Manager | HR User | Manufacturing User | Projects User,True,True,erpnext/projects/doctype/task/task.json,b30aa5334bcea94dba74f5b866af13c43a861948,https://github.com/frappe/erpnext/blob/b30aa5334bcea94dba74f5b866af13c43a861948/erpnext/projects/doctype/task/task.json
Projects,Task Depends On,1,0,0,4,,True,False,erpnext/projects/doctype/task_depends_on/task_depends_on.json,b30aa5334bcea94dba74f5b866af13c43a861948,https://github.com/frappe/erpnext/blob/b30aa5334bcea94dba74f5b866af13c43a861948/erpnext/projects/doctype/task_depends_on/task_depends_on.json
Projects,Task Type,0,0,0,2,HR Manager | Projects Manager | Projects User | System Manager,True,True,erpnext/projects/doctype/task_type/task_type.json,b30aa5334bcea94dba74f5b866af13c43a861948,https://github.com/frappe/erpnext/blob/b30aa5334bcea94dba74f5b866af13c43a861948/erpnext/projects/doctype/task_type/task_type.json
Projects,Timesheet,0,0,1,37,Accounts User | Employee | HR Manager | HR User | Manufacturing User | Projects User,True,True,erpnext/projects/doctype/timesheet/timesheet.json,b30aa5334bcea94dba74f5b866af13c43a861948,https://github.com/frappe/erpnext/blob/b30aa5334bcea94dba74f5b866af13c43a861948/erpnext/projects/doctype/timesheet/timesheet.json
Projects,Timesheet Detail,1,0,0,28,,True,False,erpnext/projects/doctype/timesheet_detail/timesheet_detail.json,b30aa5334bcea94dba74f5b866af13c43a861948,https://github.com/frappe/erpnext/blob/b30aa5334bcea94dba74f5b866af13c43a861948/erpnext/projects/doctype/timesheet_detail/timesheet_detail.json
Quality Management,Non Conformance,0,0,0,10,Employee | System Manager,True,True,erpnext/quality_management/doctype/non_conformance/non_conformance.json,b30aa5334bcea94dba74f5b866af13c43a861948,https://github.com/frappe/erpnext/blob/b30aa5334bcea94dba74f5b866af13c43a861948/erpnext/quality_management/doctype/non_conformance/non_conformance.json
Quality Management,Quality Action,0,0,0,10,Desk User | System Manager,True,True,erpnext/quality_management/doctype/quality_action/quality_action.json,b30aa5334bcea94dba74f5b866af13c43a861948,https://github.com/frappe/erpnext/blob/b30aa5334bcea94dba74f5b866af13c43a861948/erpnext/quality_management/doctype/quality_action/quality_action.json
Quality Management,Quality Action Resolution,1,0,0,5,,True,False,erpnext/quality_management/doctype/quality_action_resolution/quality_action_resolution.json,b30aa5334bcea94dba74f5b866af13c43a861948,https://github.com/frappe/erpnext/blob/b30aa5334bcea94dba74f5b866af13c43a861948/erpnext/quality_management/doctype/quality_action_resolution/quality_action_resolution.json
Quality Management,Quality Feedback,0,0,0,6,Desk User | System Manager,True,True,erpnext/quality_management/doctype/quality_feedback/quality_feedback.json,b30aa5334bcea94dba74f5b866af13c43a861948,https://github.com/frappe/erpnext/blob/b30aa5334bcea94dba74f5b866af13c43a861948/erpnext/quality_management/doctype/quality_feedback/quality_feedback.json
Quality Management,Quality Feedback Parameter,1,0,0,5,,True,False,erpnext/quality_management/doctype/quality_feedback_parameter/quality_feedback_parameter.json,b30aa5334bcea94dba74f5b866af13c43a861948,https://github.com/frappe/erpnext/blob/b30aa5334bcea94dba74f5b866af13c43a861948/erpnext/quality_management/doctype/quality_feedback_parameter/quality_feedback_parameter.json
Quality Management,Quality Feedback Template,0,0,0,3,System Manager,True,True,erpnext/quality_management/doctype/quality_feedback_template/quality_feedback_template.json,b30aa5334bcea94dba74f5b866af13c43a861948,https://github.com/frappe/erpnext/blob/b30aa5334bcea94dba74f5b866af13c43a861948/erpnext/quality_management/doctype/quality_feedback_template/quality_feedback_template.json
Quality Management,Quality Feedback Template Parameter,1,0,0,1,,True,False,erpnext/quality_management/doctype/quality_feedback_template_parameter/quality_feedback_template_parameter.json,b30aa5334bcea94dba74f5b866af13c43a861948,https://github.com/frappe/erpnext/blob/b30aa5334bcea94dba74f5b866af13c43a861948/erpnext/quality_management/doctype/quality_feedback_template_parameter/quality_feedback_template_parameter.json
Quality Management,Quality Goal,0,0,0,8,Desk User | System Manager,True,True,erpnext/quality_management/doctype/quality_goal/quality_goal.json,b30aa5334bcea94dba74f5b866af13c43a861948,https://github.com/frappe/erpnext/blob/b30aa5334bcea94dba74f5b866af13c43a861948/erpnext/quality_management/doctype/quality_goal/quality_goal.json
Quality Management,Quality Goal Objective,1,0,0,4,,True,False,erpnext/quality_management/doctype/quality_goal_objective/quality_goal_objective.json,b30aa5334bcea94dba74f5b866af13c43a861948,https://github.com/frappe/erpnext/blob/b30aa5334bcea94dba74f5b866af13c43a861948/erpnext/quality_management/doctype/quality_goal_objective/quality_goal_objective.json
Quality Management,Quality Meeting,0,0,0,6,Desk User | System Manager,True,True,erpnext/quality_management/doctype/quality_meeting/quality_meeting.json,b30aa5334bcea94dba74f5b866af13c43a861948,https://github.com/frappe/erpnext/blob/b30aa5334bcea94dba74f5b866af13c43a861948/erpnext/quality_management/doctype/quality_meeting/quality_meeting.json
Quality Management,Quality Meeting Agenda,1,0,0,1,,True,True,erpnext/quality_management/doctype/quality_meeting_agenda/quality_meeting_agenda.json,b30aa5334bcea94dba74f5b866af13c43a861948,https://github.com/frappe/erpnext/blob/b30aa5334bcea94dba74f5b866af13c43a861948/erpnext/quality_management/doctype/quality_meeting_agenda/quality_meeting_agenda.json
Quality Management,Quality Meeting Minutes,1,0,0,5,,True,False,erpnext/quality_management/doctype/quality_meeting_minutes/quality_meeting_minutes.json,b30aa5334bcea94dba74f5b866af13c43a861948,https://github.com/frappe/erpnext/blob/b30aa5334bcea94dba74f5b866af13c43a861948/erpnext/quality_management/doctype/quality_meeting_minutes/quality_meeting_minutes.json
Quality Management,Quality Procedure,0,0,0,11,Desk User | System Manager,True,True,erpnext/quality_management/doctype/quality_procedure/quality_procedure.json,b30aa5334bcea94dba74f5b866af13c43a861948,https://github.com/frappe/erpnext/blob/b30aa5334bcea94dba74f5b866af13c43a861948/erpnext/quality_management/doctype/quality_procedure/quality_procedure.json
Quality Management,Quality Procedure Process,1,0,0,2,,True,False,erpnext/quality_management/doctype/quality_procedure_process/quality_procedure_process.json,b30aa5334bcea94dba74f5b866af13c43a861948,https://github.com/frappe/erpnext/blob/b30aa5334bcea94dba74f5b866af13c43a861948/erpnext/quality_management/doctype/quality_procedure_process/quality_procedure_process.json
Quality Management,Quality Review,0,0,0,9,Desk User | Quality Manager | System Manager,True,True,erpnext/quality_management/doctype/quality_review/quality_review.json,b30aa5334bcea94dba74f5b866af13c43a861948,https://github.com/frappe/erpnext/blob/b30aa5334bcea94dba74f5b866af13c43a861948/erpnext/quality_management/doctype/quality_review/quality_review.json
Quality Management,Quality Review Objective,1,0,0,7,,True,False,erpnext/quality_management/doctype/quality_review_objective/quality_review_objective.json,b30aa5334bcea94dba74f5b866af13c43a861948,https://github.com/frappe/erpnext/blob/b30aa5334bcea94dba74f5b866af13c43a861948/erpnext/quality_management/doctype/quality_review_objective/quality_review_objective.json
Regional,Import Supplier Invoice,0,0,0,11,,True,True,erpnext/regional/doctype/import_supplier_invoice/import_supplier_invoice.json,b30aa5334bcea94dba74f5b866af13c43a861948,https://github.com/frappe/erpnext/blob/b30aa5334bcea94dba74f5b866af13c43a861948/erpnext/regional/doctype/import_supplier_invoice/import_supplier_invoice.json
Regional,Lower Deduction Certificate,0,0,0,18,Accounts Manager | Accounts User | System Manager,True,True,erpnext/regional/doctype/lower_deduction_certificate/lower_deduction_certificate.json,b30aa5334bcea94dba74f5b866af13c43a861948,https://github.com/frappe/erpnext/blob/b30aa5334bcea94dba74f5b866af13c43a861948/erpnext/regional/doctype/lower_deduction_certificate/lower_deduction_certificate.json
Regional,South Africa VAT Settings,0,0,0,2,Accounts Manager | Accounts User | Auditor,True,True,erpnext/regional/doctype/south_africa_vat_settings/south_africa_vat_settings.json,b30aa5334bcea94dba74f5b866af13c43a861948,https://github.com/frappe/erpnext/blob/b30aa5334bcea94dba74f5b866af13c43a861948/erpnext/regional/doctype/south_africa_vat_settings/south_africa_vat_settings.json
Regional,UAE VAT Account,1,0,0,1,,True,False,erpnext/regional/doctype/uae_vat_account/uae_vat_account.json,b30aa5334bcea94dba74f5b866af13c43a861948,https://github.com/frappe/erpnext/blob/b30aa5334bcea94dba74f5b866af13c43a861948/erpnext/regional/doctype/uae_vat_account/uae_vat_account.json
Regional,UAE VAT Settings,0,0,0,2,,True,True,erpnext/regional/doctype/uae_vat_settings/uae_vat_settings.json,b30aa5334bcea94dba74f5b866af13c43a861948,https://github.com/frappe/erpnext/blob/b30aa5334bcea94dba74f5b866af13c43a861948/erpnext/regional/doctype/uae_vat_settings/uae_vat_settings.json
Selling,Customer,0,0,0,87,Accounts Manager | Accounts User | Delivery Manager | Delivery User | Employee | Fulfillment User | HR Manager | HR User | Maintenance Manager | Maintenance User | Projects Manager | Projects User | Purchase Master Manager | Quality Manager | Sales Manager | Sales Master Manager | Sales User | Stock Manager | Stock User | Support Team | Website Manager,True,True,erpnext/selling/doctype/customer/customer.json,b30aa5334bcea94dba74f5b866af13c43a861948,https://github.com/frappe/erpnext/blob/b30aa5334bcea94dba74f5b866af13c43a861948/erpnext/selling/doctype/customer/customer.json
Selling,Customer Credit Limit,1,0,0,5,,True,False,erpnext/selling/doctype/customer_credit_limit/customer_credit_limit.json,b30aa5334bcea94dba74f5b866af13c43a861948,https://github.com/frappe/erpnext/blob/b30aa5334bcea94dba74f5b866af13c43a861948/erpnext/selling/doctype/customer_credit_limit/customer_credit_limit.json
Selling,Delivery Schedule Item,0,0,0,13,Sales Manager | Sales User | System Manager,True,True,erpnext/selling/doctype/delivery_schedule_item/delivery_schedule_item.json,b30aa5334bcea94dba74f5b866af13c43a861948,https://github.com/frappe/erpnext/blob/b30aa5334bcea94dba74f5b866af13c43a861948/erpnext/selling/doctype/delivery_schedule_item/delivery_schedule_item.json
Selling,Industry Type,0,0,0,1,Sales Manager | Sales Master Manager | Sales User,True,True,erpnext/selling/doctype/industry_type/industry_type.json,b30aa5334bcea94dba74f5b866af13c43a861948,https://github.com/frappe/erpnext/blob/b30aa5334bcea94dba74f5b866af13c43a861948/erpnext/selling/doctype/industry_type/industry_type.json
Selling,Installation Note,0,0,1,23,Sales User,True,True,erpnext/selling/doctype/installation_note/installation_note.json,b30aa5334bcea94dba74f5b866af13c43a861948,https://github.com/frappe/erpnext/blob/b30aa5334bcea94dba74f5b866af13c43a861948/erpnext/selling/doctype/installation_note/installation_note.json
Selling,Installation Note Item,1,0,0,8,,True,False,erpnext/selling/doctype/installation_note_item/installation_note_item.json,b30aa5334bcea94dba74f5b866af13c43a861948,https://github.com/frappe/erpnext/blob/b30aa5334bcea94dba74f5b866af13c43a861948/erpnext/selling/doctype/installation_note_item/installation_note_item.json
Selling,Party Specific Item,0,0,0,5,System Manager,True,True,erpnext/selling/doctype/party_specific_item/party_specific_item.json,b30aa5334bcea94dba74f5b866af13c43a861948,https://github.com/frappe/erpnext/blob/b30aa5334bcea94dba74f5b866af13c43a861948/erpnext/selling/doctype/party_specific_item/party_specific_item.json
Selling,Product Bundle,0,0,0,9,Accounts Manager | Accounts User | Delivery Manager | Delivery User | Maintenance Manager | Maintenance User | Sales User | Stock Manager | Stock User,True,True,erpnext/selling/doctype/product_bundle/product_bundle.json,b30aa5334bcea94dba74f5b866af13c43a861948,https://github.com/frappe/erpnext/blob/b30aa5334bcea94dba74f5b866af13c43a861948/erpnext/selling/doctype/product_bundle/product_bundle.json
Selling,Product Bundle Item,1,0,0,5,,True,False,erpnext/selling/doctype/product_bundle_item/product_bundle_item.json,b30aa5334bcea94dba74f5b866af13c43a861948,https://github.com/frappe/erpnext/blob/b30aa5334bcea94dba74f5b866af13c43a861948/erpnext/selling/doctype/product_bundle_item/product_bundle_item.json
Selling,Quotation,0,0,1,130,Maintenance Manager | Maintenance User | Sales Manager | Sales User,True,True,erpnext/selling/doctype/quotation/quotation.json,b30aa5334bcea94dba74f5b866af13c43a861948,https://github.com/frappe/erpnext/blob/b30aa5334bcea94dba74f5b866af13c43a861948/erpnext/selling/doctype/quotation/quotation.json
Selling,Quotation Item,1,0,0,77,,True,False,erpnext/selling/doctype/quotation_item/quotation_item.json,b30aa5334bcea94dba74f5b866af13c43a861948,https://github.com/frappe/erpnext/blob/b30aa5334bcea94dba74f5b866af13c43a861948/erpnext/selling/doctype/quotation_item/quotation_item.json
Selling,SMS Center,0,1,0,13,System Manager,True,False,erpnext/selling/doctype/sms_center/sms_center.json,b30aa5334bcea94dba74f5b866af13c43a861948,https://github.com/frappe/erpnext/blob/b30aa5334bcea94dba74f5b866af13c43a861948/erpnext/selling/doctype/sms_center/sms_center.json
Selling,Sales Order,0,0,1,170,Accounts User | Maintenance User | Projects Manager | Projects User | Sales Manager | Sales User | Stock User,True,True,erpnext/selling/doctype/sales_order/sales_order.json,b30aa5334bcea94dba74f5b866af13c43a861948,https://github.com/frappe/erpnext/blob/b30aa5334bcea94dba74f5b866af13c43a861948/erpnext/selling/doctype/sales_order/sales_order.json
Selling,Sales Order Item,1,0,0,111,,True,False,erpnext/selling/doctype/sales_order_item/sales_order_item.json,b30aa5334bcea94dba74f5b866af13c43a861948,https://github.com/frappe/erpnext/blob/b30aa5334bcea94dba74f5b866af13c43a861948/erpnext/selling/doctype/sales_order_item/sales_order_item.json
Selling,Sales Partner Type,0,0,0,1,Sales Master Manager | System Manager,True,True,erpnext/selling/doctype/sales_partner_type/sales_partner_type.json,b30aa5334bcea94dba74f5b866af13c43a861948,https://github.com/frappe/erpnext/blob/b30aa5334bcea94dba74f5b866af13c43a861948/erpnext/selling/doctype/sales_partner_type/sales_partner_type.json
Selling,Sales Team,1,0,0,6,,True,False,erpnext/selling/doctype/sales_team/sales_team.json,b30aa5334bcea94dba74f5b866af13c43a861948,https://github.com/frappe/erpnext/blob/b30aa5334bcea94dba74f5b866af13c43a861948/erpnext/selling/doctype/sales_team/sales_team.json
Selling,Selling Settings,0,1,0,56,Sales Manager | System Manager,True,True,erpnext/selling/doctype/selling_settings/selling_settings.json,b30aa5334bcea94dba74f5b866af13c43a861948,https://github.com/frappe/erpnext/blob/b30aa5334bcea94dba74f5b866af13c43a861948/erpnext/selling/doctype/selling_settings/selling_settings.json
Selling,Supplier Number At Customer,1,0,0,2,,True,False,erpnext/selling/doctype/supplier_number_at_customer/supplier_number_at_customer.json,b30aa5334bcea94dba74f5b866af13c43a861948,https://github.com/frappe/erpnext/blob/b30aa5334bcea94dba74f5b866af13c43a861948/erpnext/selling/doctype/supplier_number_at_customer/supplier_number_at_customer.json
Setup,Authorization Control,0,1,0,0,,True,False,erpnext/setup/doctype/authorization_control/authorization_control.json,b30aa5334bcea94dba74f5b866af13c43a861948,https://github.com/frappe/erpnext/blob/b30aa5334bcea94dba74f5b866af13c43a861948/erpnext/setup/doctype/authorization_control/authorization_control.json
Setup,Authorization Rule,0,0,0,18,System Manager,True,True,erpnext/setup/doctype/authorization_rule/authorization_rule.json,b30aa5334bcea94dba74f5b866af13c43a861948,https://github.com/frappe/erpnext/blob/b30aa5334bcea94dba74f5b866af13c43a861948/erpnext/setup/doctype/authorization_rule/authorization_rule.json
Setup,Branch,0,0,0,1,HR Manager | HR User,True,True,erpnext/setup/doctype/branch/branch.json,b30aa5334bcea94dba74f5b866af13c43a861948,https://github.com/frappe/erpnext/blob/b30aa5334bcea94dba74f5b866af13c43a861948/erpnext/setup/doctype/branch/branch.json
Setup,Brand,0,0,0,5,Accounts User | Item Manager | Purchase User | Sales User | Stock User | Website Manager,True,True,erpnext/setup/doctype/brand/brand.json,b30aa5334bcea94dba74f5b866af13c43a861948,https://github.com/frappe/erpnext/blob/b30aa5334bcea94dba74f5b866af13c43a861948/erpnext/setup/doctype/brand/brand.json
Setup,Company,0,0,0,131,Accounts Manager | Accounts User | Auditor | Desk User | Employee | HR Manager | HR User | Projects User | Purchase User | Sales Manager | Sales User | Stock User | System Manager,True,True,erpnext/setup/doctype/company/company.json,b30aa5334bcea94dba74f5b866af13c43a861948,https://github.com/frappe/erpnext/blob/b30aa5334bcea94dba74f5b866af13c43a861948/erpnext/setup/doctype/company/company.json
Setup,Currency Exchange,0,0,0,7,Accounts Manager | Accounts User | Purchase User | Sales User,True,True,erpnext/setup/doctype/currency_exchange/currency_exchange.json,b30aa5334bcea94dba74f5b866af13c43a861948,https://github.com/frappe/erpnext/blob/b30aa5334bcea94dba74f5b866af13c43a861948/erpnext/setup/doctype/currency_exchange/currency_exchange.json
Setup,Customer Group,0,0,0,13,Accounts User | Customer | Item Manager | Maintenance Manager | Maintenance User | Purchase Manager | Sales Manager | Sales Master Manager | Sales User | Website Manager,True,True,erpnext/setup/doctype/customer_group/customer_group.json,b30aa5334bcea94dba74f5b866af13c43a861948,https://github.com/frappe/erpnext/blob/b30aa5334bcea94dba74f5b866af13c43a861948/erpnext/setup/doctype/customer_group/customer_group.json
Setup,Department,0,0,0,9,Academics User | Accounts User | Employee | HR Manager | HR User | Projects Manager | Projects User | Quality Manager,True,True,erpnext/setup/doctype/department/department.json,b30aa5334bcea94dba74f5b866af13c43a861948,https://github.com/frappe/erpnext/blob/b30aa5334bcea94dba74f5b866af13c43a861948/erpnext/setup/doctype/department/department.json
Setup,Designation,0,0,0,2,HR Manager | HR User | Sales User,True,True,erpnext/setup/doctype/designation/designation.json,b30aa5334bcea94dba74f5b866af13c43a861948,https://github.com/frappe/erpnext/blob/b30aa5334bcea94dba74f5b866af13c43a861948/erpnext/setup/doctype/designation/designation.json
Setup,Driver,0,0,0,17,Delivery Manager | Delivery User | Fleet Manager | Fulfillment User | Sales User | Stock Manager | Stock User | System Manager,True,True,erpnext/setup/doctype/driver/driver.json,b30aa5334bcea94dba74f5b866af13c43a861948,https://github.com/frappe/erpnext/blob/b30aa5334bcea94dba74f5b866af13c43a861948/erpnext/setup/doctype/driver/driver.json
Setup,Driving License Category,1,0,0,4,,True,False,erpnext/setup/doctype/driving_license_category/driving_license_category.json,b30aa5334bcea94dba74f5b866af13c43a861948,https://github.com/frappe/erpnext/blob/b30aa5334bcea94dba74f5b866af13c43a861948/erpnext/setup/doctype/driving_license_category/driving_license_category.json
Setup,Email Digest,0,0,0,43,System Manager,True,True,erpnext/setup/doctype/email_digest/email_digest.json,b30aa5334bcea94dba74f5b866af13c43a861948,https://github.com/frappe/erpnext/blob/b30aa5334bcea94dba74f5b866af13c43a861948/erpnext/setup/doctype/email_digest/email_digest.json
Setup,Email Digest Recipient,1,0,0,1,,True,False,erpnext/setup/doctype/email_digest_recipient/email_digest_recipient.json,b30aa5334bcea94dba74f5b866af13c43a861948,https://github.com/frappe/erpnext/blob/b30aa5334bcea94dba74f5b866af13c43a861948/erpnext/setup/doctype/email_digest_recipient/email_digest_recipient.json
Setup,Employee,0,0,0,109,Accounts Manager | Accounts User | Delivery Manager | Employee | Fleet Manager | HR Manager | HR User | Manufacturing Manager | Manufacturing User | Projects User | Quality Manager | Sales Master Manager | Stock Manager,True,True,erpnext/setup/doctype/employee/employee.json,b30aa5334bcea94dba74f5b866af13c43a861948,https://github.com/frappe/erpnext/blob/b30aa5334bcea94dba74f5b866af13c43a861948/erpnext/setup/doctype/employee/employee.json
Setup,Employee Education,1,0,0,6,,True,False,erpnext/setup/doctype/employee_education/employee_education.json,b30aa5334bcea94dba74f5b866af13c43a861948,https://github.com/frappe/erpnext/blob/b30aa5334bcea94dba74f5b866af13c43a861948/erpnext/setup/doctype/employee_education/employee_education.json
Setup,Employee External Work History,1,0,0,6,,True,False,erpnext/setup/doctype/employee_external_work_history/employee_external_work_history.json,b30aa5334bcea94dba74f5b866af13c43a861948,https://github.com/frappe/erpnext/blob/b30aa5334bcea94dba74f5b866af13c43a861948/erpnext/setup/doctype/employee_external_work_history/employee_external_work_history.json
Setup,Employee Group,0,0,0,3,HR Manager | HR User | System Manager,True,True,erpnext/setup/doctype/employee_group/employee_group.json,b30aa5334bcea94dba74f5b866af13c43a861948,https://github.com/frappe/erpnext/blob/b30aa5334bcea94dba74f5b866af13c43a861948/erpnext/setup/doctype/employee_group/employee_group.json
Setup,Employee Group Table,1,0,0,3,,True,False,erpnext/setup/doctype/employee_group_table/employee_group_table.json,b30aa5334bcea94dba74f5b866af13c43a861948,https://github.com/frappe/erpnext/blob/b30aa5334bcea94dba74f5b866af13c43a861948/erpnext/setup/doctype/employee_group_table/employee_group_table.json
Setup,Employee Internal Work History,1,0,0,5,,True,False,erpnext/setup/doctype/employee_internal_work_history/employee_internal_work_history.json,b30aa5334bcea94dba74f5b866af13c43a861948,https://github.com/frappe/erpnext/blob/b30aa5334bcea94dba74f5b866af13c43a861948/erpnext/setup/doctype/employee_internal_work_history/employee_internal_work_history.json
Setup,Global Defaults,0,1,0,10,System Manager,True,True,erpnext/setup/doctype/global_defaults/global_defaults.json,b30aa5334bcea94dba74f5b866af13c43a861948,https://github.com/frappe/erpnext/blob/b30aa5334bcea94dba74f5b866af13c43a861948/erpnext/setup/doctype/global_defaults/global_defaults.json
Setup,Holiday,1,0,0,6,,True,False,erpnext/setup/doctype/holiday/holiday.json,b30aa5334bcea94dba74f5b866af13c43a861948,https://github.com/frappe/erpnext/blob/b30aa5334bcea94dba74f5b866af13c43a861948/erpnext/setup/doctype/holiday/holiday.json
Setup,Holiday List,0,0,0,19,Accounts Manager | HR Manager | HR User | Manufacturing User | Projects Manager | Projects User | Sales Manager,True,True,erpnext/setup/doctype/holiday_list/holiday_list.json,b30aa5334bcea94dba74f5b866af13c43a861948,https://github.com/frappe/erpnext/blob/b30aa5334bcea94dba74f5b866af13c43a861948/erpnext/setup/doctype/holiday_list/holiday_list.json
Setup,Incoterm,0,0,0,3,Accounts Manager | Accounts User | Delivery Manager | Delivery User | Maintenance Manager | Maintenance User | Purchase Manager | Purchase User | Sales Manager | Sales User | Stock Manager | Stock User,True,True,erpnext/setup/doctype/incoterm/incoterm.json,b30aa5334bcea94dba74f5b866af13c43a861948,https://github.com/frappe/erpnext/blob/b30aa5334bcea94dba74f5b866af13c43a861948/erpnext/setup/doctype/incoterm/incoterm.json
Setup,Item Group,0,0,0,13,Accounts User | Desk User | Item Manager | Purchase User | Sales User | Stock Manager | Stock User,True,True,erpnext/setup/doctype/item_group/item_group.json,b30aa5334bcea94dba74f5b866af13c43a861948,https://github.com/frappe/erpnext/blob/b30aa5334bcea94dba74f5b866af13c43a861948/erpnext/setup/doctype/item_group/item_group.json
Setup,Party Type,0,0,0,2,Accounts Manager | Accounts User | System Manager,True,True,erpnext/setup/doctype/party_type/party_type.json,b30aa5334bcea94dba74f5b866af13c43a861948,https://github.com/frappe/erpnext/blob/b30aa5334bcea94dba74f5b866af13c43a861948/erpnext/setup/doctype/party_type/party_type.json
Setup,Quotation Lost Reason,0,0,0,1,Maintenance Manager | Maintenance User | Sales Manager | Sales Master Manager | Sales User,True,True,erpnext/setup/doctype/quotation_lost_reason/quotation_lost_reason.json,b30aa5334bcea94dba74f5b866af13c43a861948,https://github.com/frappe/erpnext/blob/b30aa5334bcea94dba74f5b866af13c43a861948/erpnext/setup/doctype/quotation_lost_reason/quotation_lost_reason.json
Setup,Quotation Lost Reason Detail,1,0,0,1,,True,False,erpnext/setup/doctype/quotation_lost_reason_detail/quotation_lost_reason_detail.json,b30aa5334bcea94dba74f5b866af13c43a861948,https://github.com/frappe/erpnext/blob/b30aa5334bcea94dba74f5b866af13c43a861948/erpnext/setup/doctype/quotation_lost_reason_detail/quotation_lost_reason_detail.json
Setup,Sales Partner,0,0,0,25,Accounts Manager | Accounts User | Delivery Manager | Delivery User | Maintenance Manager | Maintenance User | Purchase Manager | Sales Manager | Sales Master Manager | Sales User | Stock Manager | Website Manager,True,True,erpnext/setup/doctype/sales_partner/sales_partner.json,b30aa5334bcea94dba74f5b866af13c43a861948,https://github.com/frappe/erpnext/blob/b30aa5334bcea94dba74f5b866af13c43a861948/erpnext/setup/doctype/sales_partner/sales_partner.json
Setup,Sales Person,0,0,0,14,Accounts Manager | Accounts User | Delivery Manager | Delivery User | Maintenance Manager | Maintenance User | Sales Manager | Sales Master Manager | Sales User | Stock Manager,True,False,erpnext/setup/doctype/sales_person/sales_person.json,b30aa5334bcea94dba74f5b866af13c43a861948,https://github.com/frappe/erpnext/blob/b30aa5334bcea94dba74f5b866af13c43a861948/erpnext/setup/doctype/sales_person/sales_person.json
Setup,Supplier Group,0,0,0,10,Accounts User | Purchase Manager | Purchase Master Manager | Purchase User | Sales Manager | Website Manager,True,True,erpnext/setup/doctype/supplier_group/supplier_group.json,b30aa5334bcea94dba74f5b866af13c43a861948,https://github.com/frappe/erpnext/blob/b30aa5334bcea94dba74f5b866af13c43a861948/erpnext/setup/doctype/supplier_group/supplier_group.json
Setup,Target Detail,1,0,0,5,,True,False,erpnext/setup/doctype/target_detail/target_detail.json,b30aa5334bcea94dba74f5b866af13c43a861948,https://github.com/frappe/erpnext/blob/b30aa5334bcea94dba74f5b866af13c43a861948/erpnext/setup/doctype/target_detail/target_detail.json
Setup,Terms and Conditions,0,0,0,10,Accounts Manager | Accounts User | Delivery Manager | Delivery User | HR Manager | HR User | Maintenance Manager | Maintenance User | Purchase User | Sales Master Manager | Sales User | Stock User | System Manager,True,True,erpnext/setup/doctype/terms_and_conditions/terms_and_conditions.json,b30aa5334bcea94dba74f5b866af13c43a861948,https://github.com/frappe/erpnext/blob/b30aa5334bcea94dba74f5b866af13c43a861948/erpnext/setup/doctype/terms_and_conditions/terms_and_conditions.json
Setup,Territory,0,0,0,10,Accounts User | Customer | Delivery Manager | Delivery User | Maintenance Manager | Maintenance User | Sales Manager | Sales Master Manager | Sales User | Stock User | Website Manager,True,True,erpnext/setup/doctype/territory/territory.json,b30aa5334bcea94dba74f5b866af13c43a861948,https://github.com/frappe/erpnext/blob/b30aa5334bcea94dba74f5b866af13c43a861948/erpnext/setup/doctype/territory/territory.json
Setup,Transaction Deletion Record,0,0,1,19,System Manager,True,True,erpnext/setup/doctype/transaction_deletion_record/transaction_deletion_record.json,b30aa5334bcea94dba74f5b866af13c43a861948,https://github.com/frappe/erpnext/blob/b30aa5334bcea94dba74f5b866af13c43a861948/erpnext/setup/doctype/transaction_deletion_record/transaction_deletion_record.json
Setup,Transaction Deletion Record Item,1,0,0,1,,True,False,erpnext/setup/doctype/transaction_deletion_record_item/transaction_deletion_record_item.json,b30aa5334bcea94dba74f5b866af13c43a861948,https://github.com/frappe/erpnext/blob/b30aa5334bcea94dba74f5b866af13c43a861948/erpnext/setup/doctype/transaction_deletion_record_item/transaction_deletion_record_item.json
Setup,Transaction Deletion Record To Delete,1,0,0,5,,True,False,erpnext/setup/doctype/transaction_deletion_record_to_delete/transaction_deletion_record_to_delete.json,b30aa5334bcea94dba74f5b866af13c43a861948,https://github.com/frappe/erpnext/blob/b30aa5334bcea94dba74f5b866af13c43a861948/erpnext/setup/doctype/transaction_deletion_record_to_delete/transaction_deletion_record_to_delete.json
Setup,UOM,0,0,0,8,Desk User | Item Manager | Sales Manager | Sales User | Stock Manager | Stock User,True,True,erpnext/setup/doctype/uom/uom.json,b30aa5334bcea94dba74f5b866af13c43a861948,https://github.com/frappe/erpnext/blob/b30aa5334bcea94dba74f5b866af13c43a861948/erpnext/setup/doctype/uom/uom.json
Setup,UOM Conversion Factor,0,0,0,5,System Manager,True,True,erpnext/setup/doctype/uom_conversion_factor/uom_conversion_factor.json,b30aa5334bcea94dba74f5b866af13c43a861948,https://github.com/frappe/erpnext/blob/b30aa5334bcea94dba74f5b866af13c43a861948/erpnext/setup/doctype/uom_conversion_factor/uom_conversion_factor.json
Setup,Vehicle,0,0,0,28,Delivery Manager | Delivery User | Fleet Manager | Fulfillment User | Stock User,True,True,erpnext/setup/doctype/vehicle/vehicle.json,b30aa5334bcea94dba74f5b866af13c43a861948,https://github.com/frappe/erpnext/blob/b30aa5334bcea94dba74f5b866af13c43a861948/erpnext/setup/doctype/vehicle/vehicle.json
Setup,Website Item Group,1,0,0,1,,True,False,erpnext/setup/doctype/website_item_group/website_item_group.json,b30aa5334bcea94dba74f5b866af13c43a861948,https://github.com/frappe/erpnext/blob/b30aa5334bcea94dba74f5b866af13c43a861948/erpnext/setup/doctype/website_item_group/website_item_group.json
Stock,Batch,0,0,0,26,Accounts Manager | Accounts User | Delivery Manager | Delivery User | Item Manager | Maintenance Manager | Maintenance User | Manufacturing Manager | Manufacturing User | Purchase Master Manager | Quality Manager | Sales Manager | Sales Master Manager | Sales User,True,True,erpnext/stock/doctype/batch/batch.json,b30aa5334bcea94dba74f5b866af13c43a861948,https://github.com/frappe/erpnext/blob/b30aa5334bcea94dba74f5b866af13c43a861948/erpnext/stock/doctype/batch/batch.json
Stock,Bin,0,0,0,26,Purchase Manager | Purchase User | Sales Manager | Sales User | Stock Manager | Stock User,True,True,erpnext/stock/doctype/bin/bin.json,b30aa5334bcea94dba74f5b866af13c43a861948,https://github.com/frappe/erpnext/blob/b30aa5334bcea94dba74f5b866af13c43a861948/erpnext/stock/doctype/bin/bin.json
Stock,Customs Tariff Number,0,0,0,2,Stock Manager | Stock User,True,True,erpnext/stock/doctype/customs_tariff_number/customs_tariff_number.json,b30aa5334bcea94dba74f5b866af13c43a861948,https://github.com/frappe/erpnext/blob/b30aa5334bcea94dba74f5b866af13c43a861948/erpnext/stock/doctype/customs_tariff_number/customs_tariff_number.json
Stock,Delivery Note,0,0,1,164,Accounts User | Delivery Manager | Delivery User | Sales User | Stock Manager | Stock User,True,True,erpnext/stock/doctype/delivery_note/delivery_note.json,b30aa5334bcea94dba74f5b866af13c43a861948,https://github.com/frappe/erpnext/blob/b30aa5334bcea94dba74f5b866af13c43a861948/erpnext/stock/doctype/delivery_note/delivery_note.json
Stock,Delivery Note Item,1,0,0,107,,True,False,erpnext/stock/doctype/delivery_note_item/delivery_note_item.json,b30aa5334bcea94dba74f5b866af13c43a861948,https://github.com/frappe/erpnext/blob/b30aa5334bcea94dba74f5b866af13c43a861948/erpnext/stock/doctype/delivery_note_item/delivery_note_item.json
Stock,Delivery Settings,0,1,0,6,Delivery Manager,True,True,erpnext/stock/doctype/delivery_settings/delivery_settings.json,b30aa5334bcea94dba74f5b866af13c43a861948,https://github.com/frappe/erpnext/blob/b30aa5334bcea94dba74f5b866af13c43a861948/erpnext/stock/doctype/delivery_settings/delivery_settings.json
Stock,Delivery Stop,1,0,0,24,,True,False,erpnext/stock/doctype/delivery_stop/delivery_stop.json,b30aa5334bcea94dba74f5b866af13c43a861948,https://github.com/frappe/erpnext/blob/b30aa5334bcea94dba74f5b866af13c43a861948/erpnext/stock/doctype/delivery_stop/delivery_stop.json
Stock,Delivery Trip,0,0,1,23,Delivery Manager | Delivery User | Fulfillment User | Stock User,True,True,erpnext/stock/doctype/delivery_trip/delivery_trip.json,b30aa5334bcea94dba74f5b866af13c43a861948,https://github.com/frappe/erpnext/blob/b30aa5334bcea94dba74f5b866af13c43a861948/erpnext/stock/doctype/delivery_trip/delivery_trip.json
Stock,Inventory Dimension,0,0,0,24,Stock Manager | Stock User | System Manager,True,True,erpnext/stock/doctype/inventory_dimension/inventory_dimension.json,b30aa5334bcea94dba74f5b866af13c43a861948,https://github.com/frappe/erpnext/blob/b30aa5334bcea94dba74f5b866af13c43a861948/erpnext/stock/doctype/inventory_dimension/inventory_dimension.json
Stock,Item,0,0,0,133,Accounts User | Desk User | Item Manager | Maintenance User | Manufacturing User | Purchase User | Sales User | Stock Manager | Stock User,True,True,erpnext/stock/doctype/item/item.json,b30aa5334bcea94dba74f5b866af13c43a861948,https://github.com/frappe/erpnext/blob/b30aa5334bcea94dba74f5b866af13c43a861948/erpnext/stock/doctype/item/item.json
Stock,Item Alternative,0,0,0,6,Item Manager | Stock Manager | Stock User,True,True,erpnext/stock/doctype/item_alternative/item_alternative.json,b30aa5334bcea94dba74f5b866af13c43a861948,https://github.com/frappe/erpnext/blob/b30aa5334bcea94dba74f5b866af13c43a861948/erpnext/stock/doctype/item_alternative/item_alternative.json
Stock,Item Attribute,0,0,0,11,Item Manager,True,True,erpnext/stock/doctype/item_attribute/item_attribute.json,b30aa5334bcea94dba74f5b866af13c43a861948,https://github.com/frappe/erpnext/blob/b30aa5334bcea94dba74f5b866af13c43a861948/erpnext/stock/doctype/item_attribute/item_attribute.json
Stock,Item Attribute Value,1,0,0,2,,True,False,erpnext/stock/doctype/item_attribute_value/item_attribute_value.json,b30aa5334bcea94dba74f5b866af13c43a861948,https://github.com/frappe/erpnext/blob/b30aa5334bcea94dba74f5b866af13c43a861948/erpnext/stock/doctype/item_attribute_value/item_attribute_value.json
Stock,Item Barcode,1,0,0,3,,True,False,erpnext/stock/doctype/item_barcode/item_barcode.json,b30aa5334bcea94dba74f5b866af13c43a861948,https://github.com/frappe/erpnext/blob/b30aa5334bcea94dba74f5b866af13c43a861948/erpnext/stock/doctype/item_barcode/item_barcode.json
Stock,Item Customer Detail,1,0,0,3,,True,False,erpnext/stock/doctype/item_customer_detail/item_customer_detail.json,b30aa5334bcea94dba74f5b866af13c43a861948,https://github.com/frappe/erpnext/blob/b30aa5334bcea94dba74f5b866af13c43a861948/erpnext/stock/doctype/item_customer_detail/item_customer_detail.json
Stock,Item Default,1,0,0,28,,True,False,erpnext/stock/doctype/item_default/item_default.json,b30aa5334bcea94dba74f5b866af13c43a861948,https://github.com/frappe/erpnext/blob/b30aa5334bcea94dba74f5b866af13c43a861948/erpnext/stock/doctype/item_default/item_default.json
Stock,Item Lead Time,0,0,0,25,System Manager,True,True,erpnext/stock/doctype/item_lead_time/item_lead_time.json,b30aa5334bcea94dba74f5b866af13c43a861948,https://github.com/frappe/erpnext/blob/b30aa5334bcea94dba74f5b866af13c43a861948/erpnext/stock/doctype/item_lead_time/item_lead_time.json
Stock,Item Manufacturer,0,0,0,7,Item Manager | Stock Manager | Stock User,True,True,erpnext/stock/doctype/item_manufacturer/item_manufacturer.json,b30aa5334bcea94dba74f5b866af13c43a861948,https://github.com/frappe/erpnext/blob/b30aa5334bcea94dba74f5b866af13c43a861948/erpnext/stock/doctype/item_manufacturer/item_manufacturer.json
Stock,Item Price,0,0,0,27,Purchase Master Manager | Sales Master Manager,True,True,erpnext/stock/doctype/item_price/item_price.json,b30aa5334bcea94dba74f5b866af13c43a861948,https://github.com/frappe/erpnext/blob/b30aa5334bcea94dba74f5b866af13c43a861948/erpnext/stock/doctype/item_price/item_price.json
Stock,Item Quality Inspection Parameter,1,0,0,9,,True,False,erpnext/stock/doctype/item_quality_inspection_parameter/item_quality_inspection_parameter.json,b30aa5334bcea94dba74f5b866af13c43a861948,https://github.com/frappe/erpnext/blob/b30aa5334bcea94dba74f5b866af13c43a861948/erpnext/stock/doctype/item_quality_inspection_parameter/item_quality_inspection_parameter.json
Stock,Item Reorder,1,0,0,5,,True,False,erpnext/stock/doctype/item_reorder/item_reorder.json,b30aa5334bcea94dba74f5b866af13c43a861948,https://github.com/frappe/erpnext/blob/b30aa5334bcea94dba74f5b866af13c43a861948/erpnext/stock/doctype/item_reorder/item_reorder.json
Stock,Item Supplier,1,0,0,3,,True,False,erpnext/stock/doctype/item_supplier/item_supplier.json,b30aa5334bcea94dba74f5b866af13c43a861948,https://github.com/frappe/erpnext/blob/b30aa5334bcea94dba74f5b866af13c43a861948/erpnext/stock/doctype/item_supplier/item_supplier.json
Stock,Item Tax,1,0,0,5,,True,False,erpnext/stock/doctype/item_tax/item_tax.json,b30aa5334bcea94dba74f5b866af13c43a861948,https://github.com/frappe/erpnext/blob/b30aa5334bcea94dba74f5b866af13c43a861948/erpnext/stock/doctype/item_tax/item_tax.json
Stock,Item Variant,1,0,0,2,,True,False,erpnext/stock/doctype/item_variant/item_variant.json,b30aa5334bcea94dba74f5b866af13c43a861948,https://github.com/frappe/erpnext/blob/b30aa5334bcea94dba74f5b866af13c43a861948/erpnext/stock/doctype/item_variant/item_variant.json
Stock,Item Variant Attribute,1,0,0,11,,True,False,erpnext/stock/doctype/item_variant_attribute/item_variant_attribute.json,b30aa5334bcea94dba74f5b866af13c43a861948,https://github.com/frappe/erpnext/blob/b30aa5334bcea94dba74f5b866af13c43a861948/erpnext/stock/doctype/item_variant_attribute/item_variant_attribute.json
Stock,Item Variant Settings,0,1,0,6,Item Manager | System Manager,True,True,erpnext/stock/doctype/item_variant_settings/item_variant_settings.json,b30aa5334bcea94dba74f5b866af13c43a861948,https://github.com/frappe/erpnext/blob/b30aa5334bcea94dba74f5b866af13c43a861948/erpnext/stock/doctype/item_variant_settings/item_variant_settings.json
Stock,Item Website Specification,1,0,0,2,,True,False,erpnext/stock/doctype/item_website_specification/item_website_specification.json,b30aa5334bcea94dba74f5b866af13c43a861948,https://github.com/frappe/erpnext/blob/b30aa5334bcea94dba74f5b866af13c43a861948/erpnext/stock/doctype/item_website_specification/item_website_specification.json
Stock,Landed Cost Item,1,0,0,15,,True,False,erpnext/stock/doctype/landed_cost_item/landed_cost_item.json,b30aa5334bcea94dba74f5b866af13c43a861948,https://github.com/frappe/erpnext/blob/b30aa5334bcea94dba74f5b866af13c43a861948/erpnext/stock/doctype/landed_cost_item/landed_cost_item.json
Stock,Landed Cost Purchase Receipt,1,0,0,6,,True,False,erpnext/stock/doctype/landed_cost_purchase_receipt/landed_cost_purchase_receipt.json,b30aa5334bcea94dba74f5b866af13c43a861948,https://github.com/frappe/erpnext/blob/b30aa5334bcea94dba74f5b866af13c43a861948/erpnext/stock/doctype/landed_cost_purchase_receipt/landed_cost_purchase_receipt.json
Stock,Landed Cost Taxes and Charges,1,0,0,16,,True,False,erpnext/stock/doctype/landed_cost_taxes_and_charges/landed_cost_taxes_and_charges.json,b30aa5334bcea94dba74f5b866af13c43a861948,https://github.com/frappe/erpnext/blob/b30aa5334bcea94dba74f5b866af13c43a861948/erpnext/stock/doctype/landed_cost_taxes_and_charges/landed_cost_taxes_and_charges.json
Stock,Landed Cost Vendor Invoice,1,0,0,2,,True,False,erpnext/stock/doctype/landed_cost_vendor_invoice/landed_cost_vendor_invoice.json,b30aa5334bcea94dba74f5b866af13c43a861948,https://github.com/frappe/erpnext/blob/b30aa5334bcea94dba74f5b866af13c43a861948/erpnext/stock/doctype/landed_cost_vendor_invoice/landed_cost_vendor_invoice.json
Stock,Landed Cost Voucher,0,0,1,20,Stock Manager,True,True,erpnext/stock/doctype/landed_cost_voucher/landed_cost_voucher.json,b30aa5334bcea94dba74f5b866af13c43a861948,https://github.com/frappe/erpnext/blob/b30aa5334bcea94dba74f5b866af13c43a861948/erpnext/stock/doctype/landed_cost_voucher/landed_cost_voucher.json
Stock,Manufacturer,0,0,0,11,Accounts Manager | Accounts User | Stock Manager | Stock User,True,True,erpnext/stock/doctype/manufacturer/manufacturer.json,b30aa5334bcea94dba74f5b866af13c43a861948,https://github.com/frappe/erpnext/blob/b30aa5334bcea94dba74f5b866af13c43a861948/erpnext/stock/doctype/manufacturer/manufacturer.json
Stock,Material Request,0,0,1,40,Delivery Manager | Delivery User | Maintenance User | Manufacturing Manager | Purchase Manager | Purchase User | Stock Manager | Stock User,True,True,erpnext/stock/doctype/material_request/material_request.json,b30aa5334bcea94dba74f5b866af13c43a861948,https://github.com/frappe/erpnext/blob/b30aa5334bcea94dba74f5b866af13c43a861948/erpnext/stock/doctype/material_request/material_request.json
Stock,Material Request Item,1,0,0,61,,True,False,erpnext/stock/doctype/material_request_item/material_request_item.json,b30aa5334bcea94dba74f5b866af13c43a861948,https://github.com/frappe/erpnext/blob/b30aa5334bcea94dba74f5b866af13c43a861948/erpnext/stock/doctype/material_request_item/material_request_item.json
Stock,Packed Item,1,0,0,36,,True,True,erpnext/stock/doctype/packed_item/packed_item.json,b30aa5334bcea94dba74f5b866af13c43a861948,https://github.com/frappe/erpnext/blob/b30aa5334bcea94dba74f5b866af13c43a861948/erpnext/stock/doctype/packed_item/packed_item.json
Stock,Packing Slip,0,0,1,22,Item Manager | Sales Manager | Sales User | Stock Manager | Stock User,True,True,erpnext/stock/doctype/packing_slip/packing_slip.json,b30aa5334bcea94dba74f5b866af13c43a861948,https://github.com/frappe/erpnext/blob/b30aa5334bcea94dba74f5b866af13c43a861948/erpnext/stock/doctype/packing_slip/packing_slip.json
Stock,Packing Slip Item,1,0,0,15,,True,False,erpnext/stock/doctype/packing_slip_item/packing_slip_item.json,b30aa5334bcea94dba74f5b866af13c43a861948,https://github.com/frappe/erpnext/blob/b30aa5334bcea94dba74f5b866af13c43a861948/erpnext/stock/doctype/packing_slip_item/packing_slip_item.json
Stock,Pick List,0,0,1,35,Manufacturing Manager | Manufacturing User | Stock Manager | Stock User,True,True,erpnext/stock/doctype/pick_list/pick_list.json,b30aa5334bcea94dba74f5b866af13c43a861948,https://github.com/frappe/erpnext/blob/b30aa5334bcea94dba74f5b866af13c43a861948/erpnext/stock/doctype/pick_list/pick_list.json
Stock,Pick List Item,1,0,0,37,,True,False,erpnext/stock/doctype/pick_list_item/pick_list_item.json,b30aa5334bcea94dba74f5b866af13c43a861948,https://github.com/frappe/erpnext/blob/b30aa5334bcea94dba74f5b866af13c43a861948/erpnext/stock/doctype/pick_list_item/pick_list_item.json
Stock,Price List,0,0,0,9,Accounts Manager | Accounts User | Delivery Manager | Delivery User | Maintenance Manager | Maintenance User | Manufacturing User | Purchase Master Manager | Purchase User | Sales Master Manager | Sales User | Stock Manager | Website Manager,True,True,erpnext/stock/doctype/price_list/price_list.json,b30aa5334bcea94dba74f5b866af13c43a861948,https://github.com/frappe/erpnext/blob/b30aa5334bcea94dba74f5b866af13c43a861948/erpnext/stock/doctype/price_list/price_list.json
Stock,Price List Country,1,0,0,1,,True,False,erpnext/stock/doctype/price_list_country/price_list_country.json,b30aa5334bcea94dba74f5b866af13c43a861948,https://github.com/frappe/erpnext/blob/b30aa5334bcea94dba74f5b866af13c43a861948/erpnext/stock/doctype/price_list_country/price_list_country.json
Stock,Purchase Receipt,0,0,1,148,Accounts User | Delivery Manager | Delivery User | Purchase User | Quality Manager | Stock Manager | Stock User,True,True,erpnext/stock/doctype/purchase_receipt/purchase_receipt.json,b30aa5334bcea94dba74f5b866af13c43a861948,https://github.com/frappe/erpnext/blob/b30aa5334bcea94dba74f5b866af13c43a861948/erpnext/stock/doctype/purchase_receipt/purchase_receipt.json
Stock,Purchase Receipt Item,1,0,0,126,,True,False,erpnext/stock/doctype/purchase_receipt_item/purchase_receipt_item.json,b30aa5334bcea94dba74f5b866af13c43a861948,https://github.com/frappe/erpnext/blob/b30aa5334bcea94dba74f5b866af13c43a861948/erpnext/stock/doctype/purchase_receipt_item/purchase_receipt_item.json
Stock,Putaway Rule,0,0,0,12,Stock Manager | Stock User,True,True,erpnext/stock/doctype/putaway_rule/putaway_rule.json,b30aa5334bcea94dba74f5b866af13c43a861948,https://github.com/frappe/erpnext/blob/b30aa5334bcea94dba74f5b866af13c43a861948/erpnext/stock/doctype/putaway_rule/putaway_rule.json
Stock,Quality Inspection,0,0,1,30,Accounts Manager | Accounts User | Delivery Manager | Delivery User | Manufacturing Manager | Manufacturing User | Purchase User | Quality Manager | Sales User | Stock Manager | Stock User,True,True,erpnext/stock/doctype/quality_inspection/quality_inspection.json,b30aa5334bcea94dba74f5b866af13c43a861948,https://github.com/frappe/erpnext/blob/b30aa5334bcea94dba74f5b866af13c43a861948/erpnext/stock/doctype/quality_inspection/quality_inspection.json
Stock,Quality Inspection Parameter,0,0,0,3,Manufacturing User | Quality Manager | Stock User | System Manager,True,True,erpnext/stock/doctype/quality_inspection_parameter/quality_inspection_parameter.json,b30aa5334bcea94dba74f5b866af13c43a861948,https://github.com/frappe/erpnext/blob/b30aa5334bcea94dba74f5b866af13c43a861948/erpnext/stock/doctype/quality_inspection_parameter/quality_inspection_parameter.json
Stock,Quality Inspection Parameter Group,0,0,0,1,Manufacturing User | Quality Manager | Stock User | System Manager,True,True,erpnext/stock/doctype/quality_inspection_parameter_group/quality_inspection_parameter_group.json,b30aa5334bcea94dba74f5b866af13c43a861948,https://github.com/frappe/erpnext/blob/b30aa5334bcea94dba74f5b866af13c43a861948/erpnext/stock/doctype/quality_inspection_parameter_group/quality_inspection_parameter_group.json
Stock,Quality Inspection Reading,1,0,0,26,,True,False,erpnext/stock/doctype/quality_inspection_reading/quality_inspection_reading.json,b30aa5334bcea94dba74f5b866af13c43a861948,https://github.com/frappe/erpnext/blob/b30aa5334bcea94dba74f5b866af13c43a861948/erpnext/stock/doctype/quality_inspection_reading/quality_inspection_reading.json
Stock,Quality Inspection Template,0,0,0,2,Manufacturing User | Quality Manager | Stock User | System Manager,True,True,erpnext/stock/doctype/quality_inspection_template/quality_inspection_template.json,b30aa5334bcea94dba74f5b866af13c43a861948,https://github.com/frappe/erpnext/blob/b30aa5334bcea94dba74f5b866af13c43a861948/erpnext/stock/doctype/quality_inspection_template/quality_inspection_template.json
Stock,Quick Stock Balance,0,1,0,12,Stock Manager | Stock User | System Manager,True,False,erpnext/stock/doctype/quick_stock_balance/quick_stock_balance.json,b30aa5334bcea94dba74f5b866af13c43a861948,https://github.com/frappe/erpnext/blob/b30aa5334bcea94dba74f5b866af13c43a861948/erpnext/stock/doctype/quick_stock_balance/quick_stock_balance.json
Stock,Repost Item Valuation,0,0,1,31,Accounts Manager | Stock Manager | System Manager,True,True,erpnext/stock/doctype/repost_item_valuation/repost_item_valuation.json,b30aa5334bcea94dba74f5b866af13c43a861948,https://github.com/frappe/erpnext/blob/b30aa5334bcea94dba74f5b866af13c43a861948/erpnext/stock/doctype/repost_item_valuation/repost_item_valuation.json
Stock,Serial No,0,0,0,36,Delivery Manager | Delivery User | Item Manager | Maintenance User | Quality Manager | Stock Manager | Stock User,True,True,erpnext/stock/doctype/serial_no/serial_no.json,b30aa5334bcea94dba74f5b866af13c43a861948,https://github.com/frappe/erpnext/blob/b30aa5334bcea94dba74f5b866af13c43a861948/erpnext/stock/doctype/serial_no/serial_no.json
Stock,Serial and Batch Bundle,0,0,1,30,Accounts Manager | Accounts User | Delivery Manager | Delivery User | Maintenance Manager | Maintenance User | Manufacturing Manager | Manufacturing User | Purchase Manager | Purchase User | Quality Manager | Stock Manager | Stock User | System Manager,True,True,erpnext/stock/doctype/serial_and_batch_bundle/serial_and_batch_bundle.json,b30aa5334bcea94dba74f5b866af13c43a861948,https://github.com/frappe/erpnext/blob/b30aa5334bcea94dba74f5b866af13c43a861948/erpnext/stock/doctype/serial_and_batch_bundle/serial_and_batch_bundle.json
Stock,Serial and Batch Entry,1,0,0,23,,True,False,erpnext/stock/doctype/serial_and_batch_entry/serial_and_batch_entry.json,b30aa5334bcea94dba74f5b866af13c43a861948,https://github.com/frappe/erpnext/blob/b30aa5334bcea94dba74f5b866af13c43a861948/erpnext/stock/doctype/serial_and_batch_entry/serial_and_batch_entry.json
Stock,Shipment,0,0,1,56,Stock Manager | System Manager,True,True,erpnext/stock/doctype/shipment/shipment.json,b30aa5334bcea94dba74f5b866af13c43a861948,https://github.com/frappe/erpnext/blob/b30aa5334bcea94dba74f5b866af13c43a861948/erpnext/stock/doctype/shipment/shipment.json
Stock,Shipment Delivery Note,1,0,0,2,,True,False,erpnext/stock/doctype/shipment_delivery_note/shipment_delivery_note.json,b30aa5334bcea94dba74f5b866af13c43a861948,https://github.com/frappe/erpnext/blob/b30aa5334bcea94dba74f5b866af13c43a861948/erpnext/stock/doctype/shipment_delivery_note/shipment_delivery_note.json
Stock,Shipment Parcel,1,0,0,5,,True,False,erpnext/stock/doctype/shipment_parcel/shipment_parcel.json,b30aa5334bcea94dba74f5b866af13c43a861948,https://github.com/frappe/erpnext/blob/b30aa5334bcea94dba74f5b866af13c43a861948/erpnext/stock/doctype/shipment_parcel/shipment_parcel.json
Stock,Shipment Parcel Template,0,0,0,5,Stock Manager | System Manager,True,True,erpnext/stock/doctype/shipment_parcel_template/shipment_parcel_template.json,b30aa5334bcea94dba74f5b866af13c43a861948,https://github.com/frappe/erpnext/blob/b30aa5334bcea94dba74f5b866af13c43a861948/erpnext/stock/doctype/shipment_parcel_template/shipment_parcel_template.json
Stock,Stock Closing Balance,0,0,0,25,Accounts Manager | Stock User,True,True,erpnext/stock/doctype/stock_closing_balance/stock_closing_balance.json,b30aa5334bcea94dba74f5b866af13c43a861948,https://github.com/frappe/erpnext/blob/b30aa5334bcea94dba74f5b866af13c43a861948/erpnext/stock/doctype/stock_closing_balance/stock_closing_balance.json
Stock,Stock Closing Entry,0,0,1,7,Stock Manager | Stock User | System Manager,True,True,erpnext/stock/doctype/stock_closing_entry/stock_closing_entry.json,b30aa5334bcea94dba74f5b866af13c43a861948,https://github.com/frappe/erpnext/blob/b30aa5334bcea94dba74f5b866af13c43a861948/erpnext/stock/doctype/stock_closing_entry/stock_closing_entry.json
Stock,Stock Entry,0,0,1,87,Manufacturing Manager | Manufacturing User | Stock Manager | Stock User,True,True,erpnext/stock/doctype/stock_entry/stock_entry.json,b30aa5334bcea94dba74f5b866af13c43a861948,https://github.com/frappe/erpnext/blob/b30aa5334bcea94dba74f5b866af13c43a861948/erpnext/stock/doctype/stock_entry/stock_entry.json
Stock,Stock Entry Detail,1,0,0,78,,True,False,erpnext/stock/doctype/stock_entry_detail/stock_entry_detail.json,b30aa5334bcea94dba74f5b866af13c43a861948,https://github.com/frappe/erpnext/blob/b30aa5334bcea94dba74f5b866af13c43a861948/erpnext/stock/doctype/stock_entry_detail/stock_entry_detail.json
Stock,Stock Entry Type,0,0,0,3,Manufacturing Manager | Stock Manager | Stock User | System Manager,True,True,erpnext/stock/doctype/stock_entry_type/stock_entry_type.json,b30aa5334bcea94dba74f5b866af13c43a861948,https://github.com/frappe/erpnext/blob/b30aa5334bcea94dba74f5b866af13c43a861948/erpnext/stock/doctype/stock_entry_type/stock_entry_type.json
Stock,Stock Ledger Entry,0,0,0,36,Accounts Manager | Stock User,True,True,erpnext/stock/doctype/stock_ledger_entry/stock_ledger_entry.json,b30aa5334bcea94dba74f5b866af13c43a861948,https://github.com/frappe/erpnext/blob/b30aa5334bcea94dba74f5b866af13c43a861948/erpnext/stock/doctype/stock_ledger_entry/stock_ledger_entry.json
Stock,Stock Reconciliation,0,0,1,24,Stock Manager,True,True,erpnext/stock/doctype/stock_reconciliation/stock_reconciliation.json,b30aa5334bcea94dba74f5b866af13c43a861948,https://github.com/frappe/erpnext/blob/b30aa5334bcea94dba74f5b866af13c43a861948/erpnext/stock/doctype/stock_reconciliation/stock_reconciliation.json
Stock,Stock Reconciliation Item,1,0,0,33,,True,False,erpnext/stock/doctype/stock_reconciliation_item/stock_reconciliation_item.json,b30aa5334bcea94dba74f5b866af13c43a861948,https://github.com/frappe/erpnext/blob/b30aa5334bcea94dba74f5b866af13c43a861948/erpnext/stock/doctype/stock_reconciliation_item/stock_reconciliation_item.json
Stock,Stock Reposting Settings,0,1,0,17,System Manager,True,True,erpnext/stock/doctype/stock_reposting_settings/stock_reposting_settings.json,b30aa5334bcea94dba74f5b866af13c43a861948,https://github.com/frappe/erpnext/blob/b30aa5334bcea94dba74f5b866af13c43a861948/erpnext/stock/doctype/stock_reposting_settings/stock_reposting_settings.json
Stock,Stock Reservation Entry,0,0,1,34,Purchase Manager | Purchase User | Sales Manager | Sales User | Stock Manager | Stock User | System Manager,True,True,erpnext/stock/doctype/stock_reservation_entry/stock_reservation_entry.json,b30aa5334bcea94dba74f5b866af13c43a861948,https://github.com/frappe/erpnext/blob/b30aa5334bcea94dba74f5b866af13c43a861948/erpnext/stock/doctype/stock_reservation_entry/stock_reservation_entry.json
Stock,Stock Settings,0,1,0,82,Sales User | Stock Manager,True,True,erpnext/stock/doctype/stock_settings/stock_settings.json,b30aa5334bcea94dba74f5b866af13c43a861948,https://github.com/frappe/erpnext/blob/b30aa5334bcea94dba74f5b866af13c43a861948/erpnext/stock/doctype/stock_settings/stock_settings.json
Stock,UOM Category,0,0,0,1,Item Manager | Sales Manager | Sales User | Stock Manager | Stock User,True,True,erpnext/stock/doctype/uom_category/uom_category.json,b30aa5334bcea94dba74f5b866af13c43a861948,https://github.com/frappe/erpnext/blob/b30aa5334bcea94dba74f5b866af13c43a861948/erpnext/stock/doctype/uom_category/uom_category.json
Stock,UOM Conversion Detail,1,0,0,3,,True,False,erpnext/stock/doctype/uom_conversion_detail/uom_conversion_detail.json,b30aa5334bcea94dba74f5b866af13c43a861948,https://github.com/frappe/erpnext/blob/b30aa5334bcea94dba74f5b866af13c43a861948/erpnext/stock/doctype/uom_conversion_detail/uom_conversion_detail.json
Stock,Variant Field,1,0,0,1,,True,True,erpnext/stock/doctype/variant_field/variant_field.json,b30aa5334bcea94dba74f5b866af13c43a861948,https://github.com/frappe/erpnext/blob/b30aa5334bcea94dba74f5b866af13c43a861948/erpnext/stock/doctype/variant_field/variant_field.json
Stock,Warehouse,0,0,0,35,Accounts User | Delivery Manager | Delivery User | HR Manager | Item Manager | Maintenance Manager | Maintenance User | Manufacturing User | Purchase User | Quality Manager | Sales User | Stock User | Website Manager,True,True,erpnext/stock/doctype/warehouse/warehouse.json,b30aa5334bcea94dba74f5b866af13c43a861948,https://github.com/frappe/erpnext/blob/b30aa5334bcea94dba74f5b866af13c43a861948/erpnext/stock/doctype/warehouse/warehouse.json
Stock,Warehouse Type,0,0,0,1,Accounts User | Item Manager | Manufacturing User | Purchase User | Sales User | Stock Manager | Stock User | System Manager,True,True,erpnext/stock/doctype/warehouse_type/warehouse_type.json,b30aa5334bcea94dba74f5b866af13c43a861948,https://github.com/frappe/erpnext/blob/b30aa5334bcea94dba74f5b866af13c43a861948/erpnext/stock/doctype/warehouse_type/warehouse_type.json
Subcontracting,Subcontracting BOM,0,0,0,13,System Manager,True,True,erpnext/subcontracting/doctype/subcontracting_bom/subcontracting_bom.json,b30aa5334bcea94dba74f5b866af13c43a861948,https://github.com/frappe/erpnext/blob/b30aa5334bcea94dba74f5b866af13c43a861948/erpnext/subcontracting/doctype/subcontracting_bom/subcontracting_bom.json
Subcontracting,Subcontracting Inward Order,0,0,1,31,Sales Manager | Sales User | Stock User,True,True,erpnext/subcontracting/doctype/subcontracting_inward_order/subcontracting_inward_order.json,b30aa5334bcea94dba74f5b866af13c43a861948,https://github.com/frappe/erpnext/blob/b30aa5334bcea94dba74f5b866af13c43a861948/erpnext/subcontracting/doctype/subcontracting_inward_order/subcontracting_inward_order.json
Subcontracting,Subcontracting Inward Order Item,1,0,0,17,,True,False,erpnext/subcontracting/doctype/subcontracting_inward_order_item/subcontracting_inward_order_item.json,b30aa5334bcea94dba74f5b866af13c43a861948,https://github.com/frappe/erpnext/blob/b30aa5334bcea94dba74f5b866af13c43a861948/erpnext/subcontracting/doctype/subcontracting_inward_order_item/subcontracting_inward_order_item.json
Subcontracting,Subcontracting Inward Order Received Item,1,0,0,20,,True,False,erpnext/subcontracting/doctype/subcontracting_inward_order_received_item/subcontracting_inward_order_received_item.json,b30aa5334bcea94dba74f5b866af13c43a861948,https://github.com/frappe/erpnext/blob/b30aa5334bcea94dba74f5b866af13c43a861948/erpnext/subcontracting/doctype/subcontracting_inward_order_received_item/subcontracting_inward_order_received_item.json
Subcontracting,Subcontracting Inward Order Secondary Item,1,0,0,13,,True,False,erpnext/subcontracting/doctype/subcontracting_inward_order_secondary_item/subcontracting_inward_order_secondary_item.json,b30aa5334bcea94dba74f5b866af13c43a861948,https://github.com/frappe/erpnext/blob/b30aa5334bcea94dba74f5b866af13c43a861948/erpnext/subcontracting/doctype/subcontracting_inward_order_secondary_item/subcontracting_inward_order_secondary_item.json
Subcontracting,Subcontracting Inward Order Service Item,1,0,0,14,,True,False,erpnext/subcontracting/doctype/subcontracting_inward_order_service_item/subcontracting_inward_order_service_item.json,b30aa5334bcea94dba74f5b866af13c43a861948,https://github.com/frappe/erpnext/blob/b30aa5334bcea94dba74f5b866af13c43a861948/erpnext/subcontracting/doctype/subcontracting_inward_order_service_item/subcontracting_inward_order_service_item.json
Subcontracting,Subcontracting Order,0,0,1,57,Purchase Manager | Purchase User | Stock User,True,True,erpnext/subcontracting/doctype/subcontracting_order/subcontracting_order.json,b30aa5334bcea94dba74f5b866af13c43a861948,https://github.com/frappe/erpnext/blob/b30aa5334bcea94dba74f5b866af13c43a861948/erpnext/subcontracting/doctype/subcontracting_order/subcontracting_order.json
Subcontracting,Subcontracting Order Item,1,0,0,50,,True,False,erpnext/subcontracting/doctype/subcontracting_order_item/subcontracting_order_item.json,b30aa5334bcea94dba74f5b866af13c43a861948,https://github.com/frappe/erpnext/blob/b30aa5334bcea94dba74f5b866af13c43a861948/erpnext/subcontracting/doctype/subcontracting_order_item/subcontracting_order_item.json
Subcontracting,Subcontracting Order Service Item,1,0,0,18,,True,False,erpnext/subcontracting/doctype/subcontracting_order_service_item/subcontracting_order_service_item.json,b30aa5334bcea94dba74f5b866af13c43a861948,https://github.com/frappe/erpnext/blob/b30aa5334bcea94dba74f5b866af13c43a861948/erpnext/subcontracting/doctype/subcontracting_order_service_item/subcontracting_order_service_item.json
Subcontracting,Subcontracting Order Supplied Item,1,0,0,21,,True,False,erpnext/subcontracting/doctype/subcontracting_order_supplied_item/subcontracting_order_supplied_item.json,b30aa5334bcea94dba74f5b866af13c43a861948,https://github.com/frappe/erpnext/blob/b30aa5334bcea94dba74f5b866af13c43a861948/erpnext/subcontracting/doctype/subcontracting_order_supplied_item/subcontracting_order_supplied_item.json
Subcontracting,Subcontracting Receipt,0,0,1,80,Accounts User | Purchase User | Stock Manager | Stock User,True,True,erpnext/subcontracting/doctype/subcontracting_receipt/subcontracting_receipt.json,b30aa5334bcea94dba74f5b866af13c43a861948,https://github.com/frappe/erpnext/blob/b30aa5334bcea94dba74f5b866af13c43a861948/erpnext/subcontracting/doctype/subcontracting_receipt/subcontracting_receipt.json
Subcontracting,Subcontracting Receipt Item,1,0,0,72,,True,False,erpnext/subcontracting/doctype/subcontracting_receipt_item/subcontracting_receipt_item.json,b30aa5334bcea94dba74f5b866af13c43a861948,https://github.com/frappe/erpnext/blob/b30aa5334bcea94dba74f5b866af13c43a861948/erpnext/subcontracting/doctype/subcontracting_receipt_item/subcontracting_receipt_item.json
Subcontracting,Subcontracting Receipt Supplied Item,1,0,0,33,,True,False,erpnext/subcontracting/doctype/subcontracting_receipt_supplied_item/subcontracting_receipt_supplied_item.json,b30aa5334bcea94dba74f5b866af13c43a861948,https://github.com/frappe/erpnext/blob/b30aa5334bcea94dba74f5b866af13c43a861948/erpnext/subcontracting/doctype/subcontracting_receipt_supplied_item/subcontracting_receipt_supplied_item.json
Support,Issue,0,0,0,46,HR Manager | HR User | Projects User | Support Team,True,True,erpnext/support/doctype/issue/issue.json,b30aa5334bcea94dba74f5b866af13c43a861948,https://github.com/frappe/erpnext/blob/b30aa5334bcea94dba74f5b866af13c43a861948/erpnext/support/doctype/issue/issue.json
Support,Issue Priority,0,0,0,1,Support Team | System Manager,True,True,erpnext/support/doctype/issue_priority/issue_priority.json,b30aa5334bcea94dba74f5b866af13c43a861948,https://github.com/frappe/erpnext/blob/b30aa5334bcea94dba74f5b866af13c43a861948/erpnext/support/doctype/issue_priority/issue_priority.json
Support,Issue Type,0,0,0,1,Support Team | System Manager,True,True,erpnext/support/doctype/issue_type/issue_type.json,b30aa5334bcea94dba74f5b866af13c43a861948,https://github.com/frappe/erpnext/blob/b30aa5334bcea94dba74f5b866af13c43a861948/erpnext/support/doctype/issue_type/issue_type.json
Support,Pause SLA On Status,1,0,0,1,,True,False,erpnext/support/doctype/pause_sla_on_status/pause_sla_on_status.json,b30aa5334bcea94dba74f5b866af13c43a861948,https://github.com/frappe/erpnext/blob/b30aa5334bcea94dba74f5b866af13c43a861948/erpnext/support/doctype/pause_sla_on_status/pause_sla_on_status.json
Support,SLA Fulfilled On Status,1,0,0,1,,True,False,erpnext/support/doctype/sla_fulfilled_on_status/sla_fulfilled_on_status.json,b30aa5334bcea94dba74f5b866af13c43a861948,https://github.com/frappe/erpnext/blob/b30aa5334bcea94dba74f5b866af13c43a861948/erpnext/support/doctype/sla_fulfilled_on_status/sla_fulfilled_on_status.json
Support,Service Day,1,0,0,5,,True,False,erpnext/support/doctype/service_day/service_day.json,b30aa5334bcea94dba74f5b866af13c43a861948,https://github.com/frappe/erpnext/blob/b30aa5334bcea94dba74f5b866af13c43a861948/erpnext/support/doctype/service_day/service_day.json
Support,Service Level Agreement,0,0,0,25,Desk User | System Manager,True,True,erpnext/support/doctype/service_level_agreement/service_level_agreement.json,b30aa5334bcea94dba74f5b866af13c43a861948,https://github.com/frappe/erpnext/blob/b30aa5334bcea94dba74f5b866af13c43a861948/erpnext/support/doctype/service_level_agreement/service_level_agreement.json
Support,Service Level Priority,1,0,0,7,,True,False,erpnext/support/doctype/service_level_priority/service_level_priority.json,b30aa5334bcea94dba74f5b866af13c43a861948,https://github.com/frappe/erpnext/blob/b30aa5334bcea94dba74f5b866af13c43a861948/erpnext/support/doctype/service_level_priority/service_level_priority.json
Support,Support Search Source,1,0,0,20,,True,False,erpnext/support/doctype/support_search_source/support_search_source.json,b30aa5334bcea94dba74f5b866af13c43a861948,https://github.com/frappe/erpnext/blob/b30aa5334bcea94dba74f5b866af13c43a861948/erpnext/support/doctype/support_search_source/support_search_source.json
Support,Support Settings,0,1,0,23,System Manager,True,True,erpnext/support/doctype/support_settings/support_settings.json,b30aa5334bcea94dba74f5b866af13c43a861948,https://github.com/frappe/erpnext/blob/b30aa5334bcea94dba74f5b866af13c43a861948/erpnext/support/doctype/support_settings/support_settings.json
Support,Warranty Claim,0,0,0,38,Maintenance User,True,True,erpnext/support/doctype/warranty_claim/warranty_claim.json,b30aa5334bcea94dba74f5b866af13c43a861948,https://github.com/frappe/erpnext/blob/b30aa5334bcea94dba74f5b866af13c43a861948/erpnext/support/doctype/warranty_claim/warranty_claim.json
Telephony,Call Log,0,0,0,21,Employee | System Manager,True,True,erpnext/telephony/doctype/call_log/call_log.json,b30aa5334bcea94dba74f5b866af13c43a861948,https://github.com/frappe/erpnext/blob/b30aa5334bcea94dba74f5b866af13c43a861948/erpnext/telephony/doctype/call_log/call_log.json
Telephony,Incoming Call Handling Schedule,1,0,0,4,,True,False,erpnext/telephony/doctype/incoming_call_handling_schedule/incoming_call_handling_schedule.json,b30aa5334bcea94dba74f5b866af13c43a861948,https://github.com/frappe/erpnext/blob/b30aa5334bcea94dba74f5b866af13c43a861948/erpnext/telephony/doctype/incoming_call_handling_schedule/incoming_call_handling_schedule.json
Telephony,Incoming Call Settings,0,0,0,7,System Manager,True,True,erpnext/telephony/doctype/incoming_call_settings/incoming_call_settings.json,b30aa5334bcea94dba74f5b866af13c43a861948,https://github.com/frappe/erpnext/blob/b30aa5334bcea94dba74f5b866af13c43a861948/erpnext/telephony/doctype/incoming_call_settings/incoming_call_settings.json
Telephony,Telephony Call Type,0,0,1,2,System Manager,True,True,erpnext/telephony/doctype/telephony_call_type/telephony_call_type.json,b30aa5334bcea94dba74f5b866af13c43a861948,https://github.com/frappe/erpnext/blob/b30aa5334bcea94dba74f5b866af13c43a861948/erpnext/telephony/doctype/telephony_call_type/telephony_call_type.json
Telephony,Voice Call Settings,0,0,0,6,All | System Manager,True,True,erpnext/telephony/doctype/voice_call_settings/voice_call_settings.json,b30aa5334bcea94dba74f5b866af13c43a861948,https://github.com/frappe/erpnext/blob/b30aa5334bcea94dba74f5b866af13c43a861948/erpnext/telephony/doctype/voice_call_settings/voice_call_settings.json
Utilities,Portal User,1,0,0,1,,True,False,erpnext/utilities/doctype/portal_user/portal_user.json,b30aa5334bcea94dba74f5b866af13c43a861948,https://github.com/frappe/erpnext/blob/b30aa5334bcea94dba74f5b866af13c43a861948/erpnext/utilities/doctype/portal_user/portal_user.json
Utilities,Rename Tool,0,1,0,3,System Manager,True,False,erpnext/utilities/doctype/rename_tool/rename_tool.json,b30aa5334bcea94dba74f5b866af13c43a861948,https://github.com/frappe/erpnext/blob/b30aa5334bcea94dba74f5b866af13c43a861948/erpnext/utilities/doctype/rename_tool/rename_tool.json
Utilities,Video,0,0,0,16,All | System Manager,True,True,erpnext/utilities/doctype/video/video.json,b30aa5334bcea94dba74f5b866af13c43a861948,https://github.com/frappe/erpnext/blob/b30aa5334bcea94dba74f5b866af13c43a861948/erpnext/utilities/doctype/video/video.json
Utilities,Video Settings,0,1,0,3,System Manager,True,True,erpnext/utilities/doctype/video_settings/video_settings.json,b30aa5334bcea94dba74f5b866af13c43a861948,https://github.com/frappe/erpnext/blob/b30aa5334bcea94dba74f5b866af13c43a861948/erpnext/utilities/doctype/video_settings/video_settings.json
